video_name,segment_id,segment_type,start_change_direction,end_change_direction,start_frame,end_frame,start_tiempo_ms,end_tiempo_ms,segment_frame_count,segment_valid_frame_count,normalized_percent,knee_angle_deg,torso_inclination_abs_deg,neck_inclination_abs_deg
bulgarian_01.mp4,1,sube_a_baja|baja_a_sube,sube_a_baja,baja_a_sube,41,85,1366,2833,45,45,0,161.05,28.78,69.64
bulgarian_01.mp4,1,sube_a_baja|baja_a_sube,sube_a_baja,baja_a_sube,41,85,1366,2833,45,45,1,160.77,28.88,69.63
bulgarian_01.mp4,1,sube_a_baja|baja_a_sube,sube_a_baja,baja_a_sube,41,85,1366,2833,45,45,2,160.49,28.97,69.61
bulgarian_01.mp4,1,sube_a_baja|baja_a_sube,sube_a_baja,baja_a_sube,41,85,1366,2833,45,45,3,160.1,29.1,69.64
bulgarian_01.mp4,1,sube_a_baja|baja_a_sube,sube_a_baja,baja_a_sube,41,85,1366,2833,45,45,4,159.67,29.24,69.69
bulgarian_01.mp4,1,sube_a_baja|baja_a_sube,sube_a_baja,baja_a_sube,41,85,1366,2833,45,45,5,159.19,29.39,69.73
bulgarian_01.mp4,1,sube_a_baja|baja_a_sube,sube_a_baja,baja_a_sube,41,85,1366,2833,45,45,6,158.65,29.55,69.77
bulgarian_01.mp4,1,sube_a_baja|baja_a_sube,sube_a_baja,baja_a_sube,41,85,1366,2833,45,45,7,158.09,29.71,69.81
bulgarian_01.mp4,1,sube_a_baja|baja_a_sube,sube_a_baja,baja_a_sube,41,85,1366,2833,45,45,8,157.45,29.86,69.82
bulgarian_01.mp4,1,sube_a_baja|baja_a_sube,sube_a_baja,baja_a_sube,41,85,1366,2833,45,45,9,156.8,30.02,69.83
bulgarian_01.mp4,1,sube_a_baja|baja_a_sube,sube_a_baja,baja_a_sube,41,85,1366,2833,45,45,10,156.02,30.17,69.83
bulgarian_01.mp4,1,sube_a_baja|baja_a_sube,sube_a_baja,baja_a_sube,41,85,1366,2833,45,45,11,155.23,30.32,69.84
bulgarian_01.mp4,1,sube_a_baja|baja_a_sube,sube_a_baja,baja_a_sube,41,85,1366,2833,45,45,12,154.35,30.47,69.82
bulgarian_01.mp4,1,sube_a_baja|baja_a_sube,sube_a_baja,baja_a_sube,41,85,1366,2833,45,45,13,153.42,30.61,69.8
bulgarian_01.mp4,1,sube_a_baja|baja_a_sube,sube_a_baja,baja_a_sube,41,85,1366,2833,45,45,14,152.45,30.76,69.75
bulgarian_01.mp4,1,sube_a_baja|baja_a_sube,sube_a_baja,baja_a_sube,41,85,1366,2833,45,45,15,151.4,30.91,69.66
bulgarian_01.mp4,1,sube_a_baja|baja_a_sube,sube_a_baja,baja_a_sube,41,85,1366,2833,45,45,16,150.33,31.05,69.57
bulgarian_01.mp4,1,sube_a_baja|baja_a_sube,sube_a_baja,baja_a_sube,41,85,1366,2833,45,45,17,149.16,31.17,69.45
bulgarian_01.mp4,1,sube_a_baja|baja_a_sube,sube_a_baja,baja_a_sube,41,85,1366,2833,45,45,18,147.98,31.3,69.33
bulgarian_01.mp4,1,sube_a_baja|baja_a_sube,sube_a_baja,baja_a_sube,41,85,1366,2833,45,45,19,146.74,31.4,69.21
bulgarian_01.mp4,1,sube_a_baja|baja_a_sube,sube_a_baja,baja_a_sube,41,85,1366,2833,45,45,20,145.49,31.5,69.08
bulgarian_01.mp4,1,sube_a_baja|baja_a_sube,sube_a_baja,baja_a_sube,41,85,1366,2833,45,45,21,144.2,31.58,68.97
bulgarian_01.mp4,1,sube_a_baja|baja_a_sube,sube_a_baja,baja_a_sube,41,85,1366,2833,45,45,22,142.89,31.64,68.88
bulgarian_01.mp4,1,sube_a_baja|baja_a_sube,sube_a_baja,baja_a_sube,41,85,1366,2833,45,45,23,141.57,31.71,68.8
bulgarian_01.mp4,1,sube_a_baja|baja_a_sube,sube_a_baja,baja_a_sube,41,85,1366,2833,45,45,24,140.23,31.77,68.72
bulgarian_01.mp4,1,sube_a_baja|baja_a_sube,sube_a_baja,baja_a_sube,41,85,1366,2833,45,45,25,138.89,31.84,68.64
bulgarian_01.mp4,1,sube_a_baja|baja_a_sube,sube_a_baja,baja_a_sube,41,85,1366,2833,45,45,26,137.55,31.91,68.58
bulgarian_01.mp4,1,sube_a_baja|baja_a_sube,sube_a_baja,baja_a_sube,41,85,1366,2833,45,45,27,136.21,31.98,68.53
bulgarian_01.mp4,1,sube_a_baja|baja_a_sube,sube_a_baja,baja_a_sube,41,85,1366,2833,45,45,28,134.87,32.06,68.48
bulgarian_01.mp4,1,sube_a_baja|baja_a_sube,sube_a_baja,baja_a_sube,41,85,1366,2833,45,45,29,133.53,32.15,68.44
bulgarian_01.mp4,1,sube_a_baja|baja_a_sube,sube_a_baja,baja_a_sube,41,85,1366,2833,45,45,30,132.2,32.24,68.42
bulgarian_01.mp4,1,sube_a_baja|baja_a_sube,sube_a_baja,baja_a_sube,41,85,1366,2833,45,45,31,130.89,32.33,68.42
bulgarian_01.mp4,1,sube_a_baja|baja_a_sube,sube_a_baja,baja_a_sube,41,85,1366,2833,45,45,32,129.57,32.41,68.43
bulgarian_01.mp4,1,sube_a_baja|baja_a_sube,sube_a_baja,baja_a_sube,41,85,1366,2833,45,45,33,128.27,32.49,68.49
bulgarian_01.mp4,1,sube_a_baja|baja_a_sube,sube_a_baja,baja_a_sube,41,85,1366,2833,45,45,34,126.97,32.57,68.55
bulgarian_01.mp4,1,sube_a_baja|baja_a_sube,sube_a_baja,baja_a_sube,41,85,1366,2833,45,45,35,125.69,32.64,68.62
bulgarian_01.mp4,1,sube_a_baja|baja_a_sube,sube_a_baja,baja_a_sube,41,85,1366,2833,45,45,36,124.41,32.71,68.69
bulgarian_01.mp4,1,sube_a_baja|baja_a_sube,sube_a_baja,baja_a_sube,41,85,1366,2833,45,45,37,123.14,32.78,68.77
bulgarian_01.mp4,1,sube_a_baja|baja_a_sube,sube_a_baja,baja_a_sube,41,85,1366,2833,45,45,38,121.89,32.84,68.85
bulgarian_01.mp4,1,sube_a_baja|baja_a_sube,sube_a_baja,baja_a_sube,41,85,1366,2833,45,45,39,120.64,32.9,68.92
bulgarian_01.mp4,1,sube_a_baja|baja_a_sube,sube_a_baja,baja_a_sube,41,85,1366,2833,45,45,40,119.39,32.95,68.96
bulgarian_01.mp4,1,sube_a_baja|baja_a_sube,sube_a_baja,baja_a_sube,41,85,1366,2833,45,45,41,118.15,32.99,69.0
bulgarian_01.mp4,1,sube_a_baja|baja_a_sube,sube_a_baja,baja_a_sube,41,85,1366,2833,45,45,42,116.95,33.03,69.06
bulgarian_01.mp4,1,sube_a_baja|baja_a_sube,sube_a_baja,baja_a_sube,41,85,1366,2833,45,45,43,115.76,33.07,69.11
bulgarian_01.mp4,1,sube_a_baja|baja_a_sube,sube_a_baja,baja_a_sube,41,85,1366,2833,45,45,44,114.6,33.09,69.19
bulgarian_01.mp4,1,sube_a_baja|baja_a_sube,sube_a_baja,baja_a_sube,41,85,1366,2833,45,45,45,113.45,33.11,69.28
bulgarian_01.mp4,1,sube_a_baja|baja_a_sube,sube_a_baja,baja_a_sube,41,85,1366,2833,45,45,46,112.33,33.12,69.38
bulgarian_01.mp4,1,sube_a_baja|baja_a_sube,sube_a_baja,baja_a_sube,41,85,1366,2833,45,45,47,111.24,33.11,69.5
bulgarian_01.mp4,1,sube_a_baja|baja_a_sube,sube_a_baja,baja_a_sube,41,85,1366,2833,45,45,48,110.17,33.11,69.63
bulgarian_01.mp4,1,sube_a_baja|baja_a_sube,sube_a_baja,baja_a_sube,41,85,1366,2833,45,45,49,109.15,33.09,69.76
bulgarian_01.mp4,1,sube_a_baja|baja_a_sube,sube_a_baja,baja_a_sube,41,85,1366,2833,45,45,50,108.12,33.07,69.9
bulgarian_01.mp4,1,sube_a_baja|baja_a_sube,sube_a_baja,baja_a_sube,41,85,1366,2833,45,45,51,107.17,33.05,70.04
bulgarian_01.mp4,1,sube_a_baja|baja_a_sube,sube_a_baja,baja_a_sube,41,85,1366,2833,45,45,52,106.21,33.03,70.17
bulgarian_01.mp4,1,sube_a_baja|baja_a_sube,sube_a_baja,baja_a_sube,41,85,1366,2833,45,45,53,105.3,33.0,70.32
bulgarian_01.mp4,1,sube_a_baja|baja_a_sube,sube_a_baja,baja_a_sube,41,85,1366,2833,45,45,54,104.41,32.97,70.46
bulgarian_01.mp4,1,sube_a_baja|baja_a_sube,sube_a_baja,baja_a_sube,41,85,1366,2833,45,45,55,103.56,32.95,70.6
bulgarian_01.mp4,1,sube_a_baja|baja_a_sube,sube_a_baja,baja_a_sube,41,85,1366,2833,45,45,56,102.74,32.93,70.74
bulgarian_01.mp4,1,sube_a_baja|baja_a_sube,sube_a_baja,baja_a_sube,41,85,1366,2833,45,45,57,101.93,32.91,70.88
bulgarian_01.mp4,1,sube_a_baja|baja_a_sube,sube_a_baja,baja_a_sube,41,85,1366,2833,45,45,58,101.18,32.88,71.01
bulgarian_01.mp4,1,sube_a_baja|baja_a_sube,sube_a_baja,baja_a_sube,41,85,1366,2833,45,45,59,100.43,32.85,71.14
bulgarian_01.mp4,1,sube_a_baja|baja_a_sube,sube_a_baja,baja_a_sube,41,85,1366,2833,45,45,60,99.74,32.83,71.25
bulgarian_01.mp4,1,sube_a_baja|baja_a_sube,sube_a_baja,baja_a_sube,41,85,1366,2833,45,45,61,99.05,32.81,71.37
bulgarian_01.mp4,1,sube_a_baja|baja_a_sube,sube_a_baja,baja_a_sube,41,85,1366,2833,45,45,62,98.4,32.78,71.45
bulgarian_01.mp4,1,sube_a_baja|baja_a_sube,sube_a_baja,baja_a_sube,41,85,1366,2833,45,45,63,97.77,32.74,71.52
bulgarian_01.mp4,1,sube_a_baja|baja_a_sube,sube_a_baja,baja_a_sube,41,85,1366,2833,45,45,64,97.17,32.71,71.58
bulgarian_01.mp4,1,sube_a_baja|baja_a_sube,sube_a_baja,baja_a_sube,41,85,1366,2833,45,45,65,96.61,32.67,71.64
bulgarian_01.mp4,1,sube_a_baja|baja_a_sube,sube_a_baja,baja_a_sube,41,85,1366,2833,45,45,66,96.05,32.63,71.69
bulgarian_01.mp4,1,sube_a_baja|baja_a_sube,sube_a_baja,baja_a_sube,41,85,1366,2833,45,45,67,95.55,32.58,71.75
bulgarian_01.mp4,1,sube_a_baja|baja_a_sube,sube_a_baja,baja_a_sube,41,85,1366,2833,45,45,68,95.05,32.54,71.8
bulgarian_01.mp4,1,sube_a_baja|baja_a_sube,sube_a_baja,baja_a_sube,41,85,1366,2833,45,45,69,94.59,32.49,71.86
bulgarian_01.mp4,1,sube_a_baja|baja_a_sube,sube_a_baja,baja_a_sube,41,85,1366,2833,45,45,70,94.14,32.43,71.93
bulgarian_01.mp4,1,sube_a_baja|baja_a_sube,sube_a_baja,baja_a_sube,41,85,1366,2833,45,45,71,93.71,32.38,72.0
bulgarian_01.mp4,1,sube_a_baja|baja_a_sube,sube_a_baja,baja_a_sube,41,85,1366,2833,45,45,72,93.3,32.33,72.08
bulgarian_01.mp4,1,sube_a_baja|baja_a_sube,sube_a_baja,baja_a_sube,41,85,1366,2833,45,45,73,92.9,32.28,72.16
bulgarian_01.mp4,1,sube_a_baja|baja_a_sube,sube_a_baja,baja_a_sube,41,85,1366,2833,45,45,74,92.54,32.23,72.25
bulgarian_01.mp4,1,sube_a_baja|baja_a_sube,sube_a_baja,baja_a_sube,41,85,1366,2833,45,45,75,92.17,32.18,72.34
bulgarian_01.mp4,1,sube_a_baja|baja_a_sube,sube_a_baja,baja_a_sube,41,85,1366,2833,45,45,76,91.85,32.14,72.43
bulgarian_01.mp4,1,sube_a_baja|baja_a_sube,sube_a_baja,baja_a_sube,41,85,1366,2833,45,45,77,91.53,32.09,72.52
bulgarian_01.mp4,1,sube_a_baja|baja_a_sube,sube_a_baja,baja_a_sube,41,85,1366,2833,45,45,78,91.24,32.05,72.61
bulgarian_01.mp4,1,sube_a_baja|baja_a_sube,sube_a_baja,baja_a_sube,41,85,1366,2833,45,45,79,90.97,32.01,72.7
bulgarian_01.mp4,1,sube_a_baja|baja_a_sube,sube_a_baja,baja_a_sube,41,85,1366,2833,45,45,80,90.71,31.97,72.79
bulgarian_01.mp4,1,sube_a_baja|baja_a_sube,sube_a_baja,baja_a_sube,41,85,1366,2833,45,45,81,90.47,31.94,72.87
bulgarian_01.mp4,1,sube_a_baja|baja_a_sube,sube_a_baja,baja_a_sube,41,85,1366,2833,45,45,82,90.24,31.9,72.94
bulgarian_01.mp4,1,sube_a_baja|baja_a_sube,sube_a_baja,baja_a_sube,41,85,1366,2833,45,45,83,90.05,31.87,73.01
bulgarian_01.mp4,1,sube_a_baja|baja_a_sube,sube_a_baja,baja_a_sube,41,85,1366,2833,45,45,84,89.86,31.83,73.08
bulgarian_01.mp4,1,sube_a_baja|baja_a_sube,sube_a_baja,baja_a_sube,41,85,1366,2833,45,45,85,89.7,31.81,73.14
bulgarian_01.mp4,1,sube_a_baja|baja_a_sube,sube_a_baja,baja_a_sube,41,85,1366,2833,45,45,86,89.55,31.78,73.2
bulgarian_01.mp4,1,sube_a_baja|baja_a_sube,sube_a_baja,baja_a_sube,41,85,1366,2833,45,45,87,89.42,31.76,73.25
bulgarian_01.mp4,1,sube_a_baja|baja_a_sube,sube_a_baja,baja_a_sube,41,85,1366,2833,45,45,88,89.31,31.73,73.28
bulgarian_01.mp4,1,sube_a_baja|baja_a_sube,sube_a_baja,baja_a_sube,41,85,1366,2833,45,45,89,89.22,31.72,73.32
bulgarian_01.mp4,1,sube_a_baja|baja_a_sube,sube_a_baja,baja_a_sube,41,85,1366,2833,45,45,90,89.16,31.7,73.33
bulgarian_01.mp4,1,sube_a_baja|baja_a_sube,sube_a_baja,baja_a_sube,41,85,1366,2833,45,45,91,89.1,31.69,73.35
bulgarian_01.mp4,1,sube_a_baja|baja_a_sube,sube_a_baja,baja_a_sube,41,85,1366,2833,45,45,92,89.09,31.7,73.32
bulgarian_01.mp4,1,sube_a_baja|baja_a_sube,sube_a_baja,baja_a_sube,41,85,1366,2833,45,45,93,89.08,31.71,73.29
bulgarian_01.mp4,1,sube_a_baja|baja_a_sube,sube_a_baja,baja_a_sube,41,85,1366,2833,45,45,94,89.12,31.72,73.25
bulgarian_01.mp4,1,sube_a_baja|baja_a_sube,sube_a_baja,baja_a_sube,41,85,1366,2833,45,45,95,89.18,31.74,73.21
bulgarian_01.mp4,1,sube_a_baja|baja_a_sube,sube_a_baja,baja_a_sube,41,85,1366,2833,45,45,96,89.26,31.77,73.17
bulgarian_01.mp4,1,sube_a_baja|baja_a_sube,sube_a_baja,baja_a_sube,41,85,1366,2833,45,45,97,89.38,31.8,73.14
bulgarian_01.mp4,1,sube_a_baja|baja_a_sube,sube_a_baja,baja_a_sube,41,85,1366,2833,45,45,98,89.51,31.84,73.1
bulgarian_01.mp4,1,sube_a_baja|baja_a_sube,sube_a_baja,baja_a_sube,41,85,1366,2833,45,45,99,89.68,31.89,73.07
bulgarian_01.mp4,1,sube_a_baja|baja_a_sube,sube_a_baja,baja_a_sube,41,85,1366,2833,45,45,100,89.86,31.93,73.03
bulgarian_02.mp4,1,baja_a_sube|sube_a_baja,baja_a_sube,sube_a_baja,26,54,866,1800,29,29,0,89.99,29.26,59.7
bulgarian_02.mp4,1,baja_a_sube|sube_a_baja,baja_a_sube,sube_a_baja,26,54,866,1800,29,29,1,90.14,29.14,59.7
bulgarian_02.mp4,1,baja_a_sube|sube_a_baja,baja_a_sube,sube_a_baja,26,54,866,1800,29,29,2,90.29,29.02,59.71
bulgarian_02.mp4,1,baja_a_sube|sube_a_baja,baja_a_sube,sube_a_baja,26,54,866,1800,29,29,3,90.44,28.91,59.71
bulgarian_02.mp4,1,baja_a_sube|sube_a_baja,baja_a_sube,sube_a_baja,26,54,866,1800,29,29,4,90.63,28.79,59.71
bulgarian_02.mp4,1,baja_a_sube|sube_a_baja,baja_a_sube,sube_a_baja,26,54,866,1800,29,29,5,90.87,28.66,59.72
bulgarian_02.mp4,1,baja_a_sube|sube_a_baja,baja_a_sube,sube_a_baja,26,54,866,1800,29,29,6,91.11,28.54,59.72
bulgarian_02.mp4,1,baja_a_sube|sube_a_baja,baja_a_sube,sube_a_baja,26,54,866,1800,29,29,7,91.36,28.42,59.73
bulgarian_02.mp4,1,baja_a_sube|sube_a_baja,baja_a_sube,sube_a_baja,26,54,866,1800,29,29,8,91.65,28.28,59.69
bulgarian_02.mp4,1,baja_a_sube|sube_a_baja,baja_a_sube,sube_a_baja,26,54,866,1800,29,29,9,91.96,28.13,59.65
bulgarian_02.mp4,1,baja_a_sube|sube_a_baja,baja_a_sube,sube_a_baja,26,54,866,1800,29,29,10,92.27,27.98,59.6
bulgarian_02.mp4,1,baja_a_sube|sube_a_baja,baja_a_sube,sube_a_baja,26,54,866,1800,29,29,11,92.59,27.83,59.54
bulgarian_02.mp4,1,baja_a_sube|sube_a_baja,baja_a_sube,sube_a_baja,26,54,866,1800,29,29,12,92.95,27.66,59.44
bulgarian_02.mp4,1,baja_a_sube|sube_a_baja,baja_a_sube,sube_a_baja,26,54,866,1800,29,29,13,93.3,27.49,59.33
bulgarian_02.mp4,1,baja_a_sube|sube_a_baja,baja_a_sube,sube_a_baja,26,54,866,1800,29,29,14,93.66,27.32,59.23
bulgarian_02.mp4,1,baja_a_sube|sube_a_baja,baja_a_sube,sube_a_baja,26,54,866,1800,29,29,15,94.04,27.13,59.11
bulgarian_02.mp4,1,baja_a_sube|sube_a_baja,baja_a_sube,sube_a_baja,26,54,866,1800,29,29,16,94.43,26.92,58.98
bulgarian_02.mp4,1,baja_a_sube|sube_a_baja,baja_a_sube,sube_a_baja,26,54,866,1800,29,29,17,94.82,26.72,58.85
bulgarian_02.mp4,1,baja_a_sube|sube_a_baja,baja_a_sube,sube_a_baja,26,54,866,1800,29,29,18,95.22,26.52,58.72
bulgarian_02.mp4,1,baja_a_sube|sube_a_baja,baja_a_sube,sube_a_baja,26,54,866,1800,29,29,19,95.68,26.29,58.6
bulgarian_02.mp4,1,baja_a_sube|sube_a_baja,baja_a_sube,sube_a_baja,26,54,866,1800,29,29,20,96.14,26.07,58.48
bulgarian_02.mp4,1,baja_a_sube|sube_a_baja,baja_a_sube,sube_a_baja,26,54,866,1800,29,29,21,96.6,25.85,58.36
bulgarian_02.mp4,1,baja_a_sube|sube_a_baja,baja_a_sube,sube_a_baja,26,54,866,1800,29,29,22,97.13,25.62,58.25
bulgarian_02.mp4,1,baja_a_sube|sube_a_baja,baja_a_sube,sube_a_baja,26,54,866,1800,29,29,23,97.72,25.39,58.16
bulgarian_02.mp4,1,baja_a_sube|sube_a_baja,baja_a_sube,sube_a_baja,26,54,866,1800,29,29,24,98.3,25.16,58.06
bulgarian_02.mp4,1,baja_a_sube|sube_a_baja,baja_a_sube,sube_a_baja,26,54,866,1800,29,29,25,98.88,24.93,57.96
bulgarian_02.mp4,1,baja_a_sube|sube_a_baja,baja_a_sube,sube_a_baja,26,54,866,1800,29,29,26,99.59,24.69,57.88
bulgarian_02.mp4,1,baja_a_sube|sube_a_baja,baja_a_sube,sube_a_baja,26,54,866,1800,29,29,27,100.31,24.45,57.81
bulgarian_02.mp4,1,baja_a_sube|sube_a_baja,baja_a_sube,sube_a_baja,26,54,866,1800,29,29,28,101.02,24.22,57.73
bulgarian_02.mp4,1,baja_a_sube|sube_a_baja,baja_a_sube,sube_a_baja,26,54,866,1800,29,29,29,101.78,23.97,57.65
bulgarian_02.mp4,1,baja_a_sube|sube_a_baja,baja_a_sube,sube_a_baja,26,54,866,1800,29,29,30,102.59,23.72,57.57
bulgarian_02.mp4,1,baja_a_sube|sube_a_baja,baja_a_sube,sube_a_baja,26,54,866,1800,29,29,31,103.4,23.46,57.49
bulgarian_02.mp4,1,baja_a_sube|sube_a_baja,baja_a_sube,sube_a_baja,26,54,866,1800,29,29,32,104.21,23.21,57.4
bulgarian_02.mp4,1,baja_a_sube|sube_a_baja,baja_a_sube,sube_a_baja,26,54,866,1800,29,29,33,105.11,22.95,57.33
bulgarian_02.mp4,1,baja_a_sube|sube_a_baja,baja_a_sube,sube_a_baja,26,54,866,1800,29,29,34,106.02,22.7,57.26
bulgarian_02.mp4,1,baja_a_sube|sube_a_baja,baja_a_sube,sube_a_baja,26,54,866,1800,29,29,35,106.93,22.44,57.19
bulgarian_02.mp4,1,baja_a_sube|sube_a_baja,baja_a_sube,sube_a_baja,26,54,866,1800,29,29,36,107.86,22.19,57.11
bulgarian_02.mp4,1,baja_a_sube|sube_a_baja,baja_a_sube,sube_a_baja,26,54,866,1800,29,29,37,108.85,21.93,57.02
bulgarian_02.mp4,1,baja_a_sube|sube_a_baja,baja_a_sube,sube_a_baja,26,54,866,1800,29,29,38,109.83,21.67,56.93
bulgarian_02.mp4,1,baja_a_sube|sube_a_baja,baja_a_sube,sube_a_baja,26,54,866,1800,29,29,39,110.82,21.41,56.84
bulgarian_02.mp4,1,baja_a_sube|sube_a_baja,baja_a_sube,sube_a_baja,26,54,866,1800,29,29,40,111.84,21.16,56.72
bulgarian_02.mp4,1,baja_a_sube|sube_a_baja,baja_a_sube,sube_a_baja,26,54,866,1800,29,29,41,112.88,20.91,56.59
bulgarian_02.mp4,1,baja_a_sube|sube_a_baja,baja_a_sube,sube_a_baja,26,54,866,1800,29,29,42,113.92,20.66,56.47
bulgarian_02.mp4,1,baja_a_sube|sube_a_baja,baja_a_sube,sube_a_baja,26,54,866,1800,29,29,43,114.97,20.42,56.34
bulgarian_02.mp4,1,baja_a_sube|sube_a_baja,baja_a_sube,sube_a_baja,26,54,866,1800,29,29,44,116.07,20.18,56.19
bulgarian_02.mp4,1,baja_a_sube|sube_a_baja,baja_a_sube,sube_a_baja,26,54,866,1800,29,29,45,117.17,19.95,56.04
bulgarian_02.mp4,1,baja_a_sube|sube_a_baja,baja_a_sube,sube_a_baja,26,54,866,1800,29,29,46,118.27,19.71,55.88
bulgarian_02.mp4,1,baja_a_sube|sube_a_baja,baja_a_sube,sube_a_baja,26,54,866,1800,29,29,47,119.38,19.49,55.71
bulgarian_02.mp4,1,baja_a_sube|sube_a_baja,baja_a_sube,sube_a_baja,26,54,866,1800,29,29,48,120.5,19.28,55.51
bulgarian_02.mp4,1,baja_a_sube|sube_a_baja,baja_a_sube,sube_a_baja,26,54,866,1800,29,29,49,121.62,19.07,55.32
bulgarian_02.mp4,1,baja_a_sube|sube_a_baja,baja_a_sube,sube_a_baja,26,54,866,1800,29,29,50,122.74,18.86,55.12
bulgarian_02.mp4,1,baja_a_sube|sube_a_baja,baja_a_sube,sube_a_baja,26,54,866,1800,29,29,51,123.88,18.67,54.92
bulgarian_02.mp4,1,baja_a_sube|sube_a_baja,baja_a_sube,sube_a_baja,26,54,866,1800,29,29,52,125.01,18.48,54.72
bulgarian_02.mp4,1,baja_a_sube|sube_a_baja,baja_a_sube,sube_a_baja,26,54,866,1800,29,29,53,126.15,18.29,54.52
bulgarian_02.mp4,1,baja_a_sube|sube_a_baja,baja_a_sube,sube_a_baja,26,54,866,1800,29,29,54,127.28,18.11,54.32
bulgarian_02.mp4,1,baja_a_sube|sube_a_baja,baja_a_sube,sube_a_baja,26,54,866,1800,29,29,55,128.42,17.94,54.12
bulgarian_02.mp4,1,baja_a_sube|sube_a_baja,baja_a_sube,sube_a_baja,26,54,866,1800,29,29,56,129.55,17.78,53.91
bulgarian_02.mp4,1,baja_a_sube|sube_a_baja,baja_a_sube,sube_a_baja,26,54,866,1800,29,29,57,130.68,17.61,53.71
bulgarian_02.mp4,1,baja_a_sube|sube_a_baja,baja_a_sube,sube_a_baja,26,54,866,1800,29,29,58,131.8,17.47,53.49
bulgarian_02.mp4,1,baja_a_sube|sube_a_baja,baja_a_sube,sube_a_baja,26,54,866,1800,29,29,59,132.91,17.32,53.27
bulgarian_02.mp4,1,baja_a_sube|sube_a_baja,baja_a_sube,sube_a_baja,26,54,866,1800,29,29,60,134.02,17.17,53.05
bulgarian_02.mp4,1,baja_a_sube|sube_a_baja,baja_a_sube,sube_a_baja,26,54,866,1800,29,29,61,135.13,17.03,52.83
bulgarian_02.mp4,1,baja_a_sube|sube_a_baja,baja_a_sube,sube_a_baja,26,54,866,1800,29,29,62,136.21,16.9,52.6
bulgarian_02.mp4,1,baja_a_sube|sube_a_baja,baja_a_sube,sube_a_baja,26,54,866,1800,29,29,63,137.28,16.77,52.38
bulgarian_02.mp4,1,baja_a_sube|sube_a_baja,baja_a_sube,sube_a_baja,26,54,866,1800,29,29,64,138.36,16.64,52.15
bulgarian_02.mp4,1,baja_a_sube|sube_a_baja,baja_a_sube,sube_a_baja,26,54,866,1800,29,29,65,139.4,16.51,51.94
bulgarian_02.mp4,1,baja_a_sube|sube_a_baja,baja_a_sube,sube_a_baja,26,54,866,1800,29,29,66,140.43,16.38,51.73
bulgarian_02.mp4,1,baja_a_sube|sube_a_baja,baja_a_sube,sube_a_baja,26,54,866,1800,29,29,67,141.46,16.25,51.51
bulgarian_02.mp4,1,baja_a_sube|sube_a_baja,baja_a_sube,sube_a_baja,26,54,866,1800,29,29,68,142.48,16.12,51.3
bulgarian_02.mp4,1,baja_a_sube|sube_a_baja,baja_a_sube,sube_a_baja,26,54,866,1800,29,29,69,143.44,16.01,51.08
bulgarian_02.mp4,1,baja_a_sube|sube_a_baja,baja_a_sube,sube_a_baja,26,54,866,1800,29,29,70,144.4,15.89,50.86
bulgarian_02.mp4,1,baja_a_sube|sube_a_baja,baja_a_sube,sube_a_baja,26,54,866,1800,29,29,71,145.36,15.77,50.63
bulgarian_02.mp4,1,baja_a_sube|sube_a_baja,baja_a_sube,sube_a_baja,26,54,866,1800,29,29,72,146.26,15.66,50.42
bulgarian_02.mp4,1,baja_a_sube|sube_a_baja,baja_a_sube,sube_a_baja,26,54,866,1800,29,29,73,147.12,15.55,50.22
bulgarian_02.mp4,1,baja_a_sube|sube_a_baja,baja_a_sube,sube_a_baja,26,54,866,1800,29,29,74,147.98,15.44,50.01
bulgarian_02.mp4,1,baja_a_sube|sube_a_baja,baja_a_sube,sube_a_baja,26,54,866,1800,29,29,75,148.84,15.33,49.81
bulgarian_02.mp4,1,baja_a_sube|sube_a_baja,baja_a_sube,sube_a_baja,26,54,866,1800,29,29,76,149.59,15.23,49.63
bulgarian_02.mp4,1,baja_a_sube|sube_a_baja,baja_a_sube,sube_a_baja,26,54,866,1800,29,29,77,150.34,15.13,49.45
bulgarian_02.mp4,1,baja_a_sube|sube_a_baja,baja_a_sube,sube_a_baja,26,54,866,1800,29,29,78,151.09,15.04,49.26
bulgarian_02.mp4,1,baja_a_sube|sube_a_baja,baja_a_sube,sube_a_baja,26,54,866,1800,29,29,79,151.79,14.94,49.1
bulgarian_02.mp4,1,baja_a_sube|sube_a_baja,baja_a_sube,sube_a_baja,26,54,866,1800,29,29,80,152.43,14.86,48.95
bulgarian_02.mp4,1,baja_a_sube|sube_a_baja,baja_a_sube,sube_a_baja,26,54,866,1800,29,29,81,153.06,14.77,48.81
bulgarian_02.mp4,1,baja_a_sube|sube_a_baja,baja_a_sube,sube_a_baja,26,54,866,1800,29,29,82,153.7,14.68,48.66
bulgarian_02.mp4,1,baja_a_sube|sube_a_baja,baja_a_sube,sube_a_baja,26,54,866,1800,29,29,83,154.24,14.61,48.54
bulgarian_02.mp4,1,baja_a_sube|sube_a_baja,baja_a_sube,sube_a_baja,26,54,866,1800,29,29,84,154.77,14.53,48.42
bulgarian_02.mp4,1,baja_a_sube|sube_a_baja,baja_a_sube,sube_a_baja,26,54,866,1800,29,29,85,155.3,14.45,48.3
bulgarian_02.mp4,1,baja_a_sube|sube_a_baja,baja_a_sube,sube_a_baja,26,54,866,1800,29,29,86,155.8,14.38,48.2
bulgarian_02.mp4,1,baja_a_sube|sube_a_baja,baja_a_sube,sube_a_baja,26,54,866,1800,29,29,87,156.23,14.33,48.11
bulgarian_02.mp4,1,baja_a_sube|sube_a_baja,baja_a_sube,sube_a_baja,26,54,866,1800,29,29,88,156.66,14.27,48.02
bulgarian_02.mp4,1,baja_a_sube|sube_a_baja,baja_a_sube,sube_a_baja,26,54,866,1800,29,29,89,157.09,14.22,47.93
bulgarian_02.mp4,1,baja_a_sube|sube_a_baja,baja_a_sube,sube_a_baja,26,54,866,1800,29,29,90,157.41,14.17,47.86
bulgarian_02.mp4,1,baja_a_sube|sube_a_baja,baja_a_sube,sube_a_baja,26,54,866,1800,29,29,91,157.69,14.12,47.8
bulgarian_02.mp4,1,baja_a_sube|sube_a_baja,baja_a_sube,sube_a_baja,26,54,866,1800,29,29,92,157.98,14.07,47.74
bulgarian_02.mp4,1,baja_a_sube|sube_a_baja,baja_a_sube,sube_a_baja,26,54,866,1800,29,29,93,158.23,14.02,47.67
bulgarian_02.mp4,1,baja_a_sube|sube_a_baja,baja_a_sube,sube_a_baja,26,54,866,1800,29,29,94,158.32,13.99,47.61
bulgarian_02.mp4,1,baja_a_sube|sube_a_baja,baja_a_sube,sube_a_baja,26,54,866,1800,29,29,95,158.41,13.95,47.55
bulgarian_02.mp4,1,baja_a_sube|sube_a_baja,baja_a_sube,sube_a_baja,26,54,866,1800,29,29,96,158.5,13.92,47.5
bulgarian_02.mp4,1,baja_a_sube|sube_a_baja,baja_a_sube,sube_a_baja,26,54,866,1800,29,29,97,158.51,13.88,47.45
bulgarian_02.mp4,1,baja_a_sube|sube_a_baja,baja_a_sube,sube_a_baja,26,54,866,1800,29,29,98,158.47,13.85,47.41
bulgarian_02.mp4,1,baja_a_sube|sube_a_baja,baja_a_sube,sube_a_baja,26,54,866,1800,29,29,99,158.42,13.82,47.37
bulgarian_02.mp4,1,baja_a_sube|sube_a_baja,baja_a_sube,sube_a_baja,26,54,866,1800,29,29,100,158.37,13.79,47.33
bulgarian_02.mp4,2,sube_a_baja|baja_a_sube,sube_a_baja,baja_a_sube,54,90,1800,3000,37,37,0,158.37,13.79,47.33
bulgarian_02.mp4,2,sube_a_baja|baja_a_sube,sube_a_baja,baja_a_sube,54,90,1800,3000,37,37,1,158.1,13.76,47.26
bulgarian_02.mp4,2,sube_a_baja|baja_a_sube,sube_a_baja,baja_a_sube,54,90,1800,3000,37,37,2,157.82,13.74,47.19
bulgarian_02.mp4,2,sube_a_baja|baja_a_sube,sube_a_baja,baja_a_sube,54,90,1800,3000,37,37,3,157.51,13.72,47.13
bulgarian_02.mp4,2,sube_a_baja|baja_a_sube,sube_a_baja,baja_a_sube,54,90,1800,3000,37,37,4,157.05,13.7,47.1
bulgarian_02.mp4,2,sube_a_baja|baja_a_sube,sube_a_baja,baja_a_sube,54,90,1800,3000,37,37,5,156.59,13.69,47.08
bulgarian_02.mp4,2,sube_a_baja|baja_a_sube,sube_a_baja,baja_a_sube,54,90,1800,3000,37,37,6,156.05,13.68,47.06
bulgarian_02.mp4,2,sube_a_baja|baja_a_sube,sube_a_baja,baja_a_sube,54,90,1800,3000,37,37,7,155.42,13.69,47.07
bulgarian_02.mp4,2,sube_a_baja|baja_a_sube,sube_a_baja,baja_a_sube,54,90,1800,3000,37,37,8,154.79,13.69,47.07
bulgarian_02.mp4,2,sube_a_baja|baja_a_sube,sube_a_baja,baja_a_sube,54,90,1800,3000,37,37,9,154.07,13.71,47.11
bulgarian_02.mp4,2,sube_a_baja|baja_a_sube,sube_a_baja,baja_a_sube,54,90,1800,3000,37,37,10,153.31,13.74,47.17
bulgarian_02.mp4,2,sube_a_baja|baja_a_sube,sube_a_baja,baja_a_sube,54,90,1800,3000,37,37,11,152.55,13.77,47.23
bulgarian_02.mp4,2,sube_a_baja|baja_a_sube,sube_a_baja,baja_a_sube,54,90,1800,3000,37,37,12,151.69,13.82,47.33
bulgarian_02.mp4,2,sube_a_baja|baja_a_sube,sube_a_baja,baja_a_sube,54,90,1800,3000,37,37,13,150.81,13.89,47.42
bulgarian_02.mp4,2,sube_a_baja|baja_a_sube,sube_a_baja,baja_a_sube,54,90,1800,3000,37,37,14,149.92,13.95,47.53
bulgarian_02.mp4,2,sube_a_baja|baja_a_sube,sube_a_baja,baja_a_sube,54,90,1800,3000,37,37,15,148.92,14.04,47.7
bulgarian_02.mp4,2,sube_a_baja|baja_a_sube,sube_a_baja,baja_a_sube,54,90,1800,3000,37,37,16,147.92,14.14,47.87
bulgarian_02.mp4,2,sube_a_baja|baja_a_sube,sube_a_baja,baja_a_sube,54,90,1800,3000,37,37,17,146.9,14.25,48.04
bulgarian_02.mp4,2,sube_a_baja|baja_a_sube,sube_a_baja,baja_a_sube,54,90,1800,3000,37,37,18,145.83,14.38,48.22
bulgarian_02.mp4,2,sube_a_baja|baja_a_sube,sube_a_baja,baja_a_sube,54,90,1800,3000,37,37,19,144.77,14.52,48.4
bulgarian_02.mp4,2,sube_a_baja|baja_a_sube,sube_a_baja,baja_a_sube,54,90,1800,3000,37,37,20,143.63,14.69,48.59
bulgarian_02.mp4,2,sube_a_baja|baja_a_sube,sube_a_baja,baja_a_sube,54,90,1800,3000,37,37,21,142.45,14.88,48.79
bulgarian_02.mp4,2,sube_a_baja|baja_a_sube,sube_a_baja,baja_a_sube,54,90,1800,3000,37,37,22,141.27,15.07,48.99
bulgarian_02.mp4,2,sube_a_baja|baja_a_sube,sube_a_baja,baja_a_sube,54,90,1800,3000,37,37,23,140.02,15.3,49.19
bulgarian_02.mp4,2,sube_a_baja|baja_a_sube,sube_a_baja,baja_a_sube,54,90,1800,3000,37,37,24,138.74,15.55,49.39
bulgarian_02.mp4,2,sube_a_baja|baja_a_sube,sube_a_baja,baja_a_sube,54,90,1800,3000,37,37,25,137.46,15.79,49.6
bulgarian_02.mp4,2,sube_a_baja|baja_a_sube,sube_a_baja,baja_a_sube,54,90,1800,3000,37,37,26,136.09,16.08,49.82
bulgarian_02.mp4,2,sube_a_baja|baja_a_sube,sube_a_baja,baja_a_sube,54,90,1800,3000,37,37,27,134.72,16.37,50.03
bulgarian_02.mp4,2,sube_a_baja|baja_a_sube,sube_a_baja,baja_a_sube,54,90,1800,3000,37,37,28,133.33,16.68,50.25
bulgarian_02.mp4,2,sube_a_baja|baja_a_sube,sube_a_baja,baja_a_sube,54,90,1800,3000,37,37,29,131.92,17.01,50.48
bulgarian_02.mp4,2,sube_a_baja|baja_a_sube,sube_a_baja,baja_a_sube,54,90,1800,3000,37,37,30,130.5,17.35,50.71
bulgarian_02.mp4,2,sube_a_baja|baja_a_sube,sube_a_baja,baja_a_sube,54,90,1800,3000,37,37,31,129.08,17.71,50.94
bulgarian_02.mp4,2,sube_a_baja|baja_a_sube,sube_a_baja,baja_a_sube,54,90,1800,3000,37,37,32,127.67,18.08,51.16
bulgarian_02.mp4,2,sube_a_baja|baja_a_sube,sube_a_baja,baja_a_sube,54,90,1800,3000,37,37,33,126.26,18.46,51.39
bulgarian_02.mp4,2,sube_a_baja|baja_a_sube,sube_a_baja,baja_a_sube,54,90,1800,3000,37,37,34,124.87,18.83,51.63
bulgarian_02.mp4,2,sube_a_baja|baja_a_sube,sube_a_baja,baja_a_sube,54,90,1800,3000,37,37,35,123.48,19.21,51.89
bulgarian_02.mp4,2,sube_a_baja|baja_a_sube,sube_a_baja,baja_a_sube,54,90,1800,3000,37,37,36,122.09,19.59,52.15
bulgarian_02.mp4,2,sube_a_baja|baja_a_sube,sube_a_baja,baja_a_sube,54,90,1800,3000,37,37,37,120.74,19.95,52.45
bulgarian_02.mp4,2,sube_a_baja|baja_a_sube,sube_a_baja,baja_a_sube,54,90,1800,3000,37,37,38,119.39,20.32,52.75
bulgarian_02.mp4,2,sube_a_baja|baja_a_sube,sube_a_baja,baja_a_sube,54,90,1800,3000,37,37,39,118.05,20.68,53.06
bulgarian_02.mp4,2,sube_a_baja|baja_a_sube,sube_a_baja,baja_a_sube,54,90,1800,3000,37,37,40,116.74,21.02,53.38
bulgarian_02.mp4,2,sube_a_baja|baja_a_sube,sube_a_baja,baja_a_sube,54,90,1800,3000,37,37,41,115.44,21.37,53.71
bulgarian_02.mp4,2,sube_a_baja|baja_a_sube,sube_a_baja,baja_a_sube,54,90,1800,3000,37,37,42,114.16,21.71,54.03
bulgarian_02.mp4,2,sube_a_baja|baja_a_sube,sube_a_baja,baja_a_sube,54,90,1800,3000,37,37,43,112.91,22.06,54.33
bulgarian_02.mp4,2,sube_a_baja|baja_a_sube,sube_a_baja,baja_a_sube,54,90,1800,3000,37,37,44,111.67,22.4,54.63
bulgarian_02.mp4,2,sube_a_baja|baja_a_sube,sube_a_baja,baja_a_sube,54,90,1800,3000,37,37,45,110.46,22.75,54.9
bulgarian_02.mp4,2,sube_a_baja|baja_a_sube,sube_a_baja,baja_a_sube,54,90,1800,3000,37,37,46,109.28,23.1,55.14
bulgarian_02.mp4,2,sube_a_baja|baja_a_sube,sube_a_baja,baja_a_sube,54,90,1800,3000,37,37,47,108.1,23.45,55.39
bulgarian_02.mp4,2,sube_a_baja|baja_a_sube,sube_a_baja,baja_a_sube,54,90,1800,3000,37,37,48,107.03,23.8,55.68
bulgarian_02.mp4,2,sube_a_baja|baja_a_sube,sube_a_baja,baja_a_sube,54,90,1800,3000,37,37,49,105.99,24.16,55.98
bulgarian_02.mp4,2,sube_a_baja|baja_a_sube,sube_a_baja,baja_a_sube,54,90,1800,3000,37,37,50,104.95,24.51,56.29
bulgarian_02.mp4,2,sube_a_baja|baja_a_sube,sube_a_baja,baja_a_sube,54,90,1800,3000,37,37,51,104.1,24.89,56.65
bulgarian_02.mp4,2,sube_a_baja|baja_a_sube,sube_a_baja,baja_a_sube,54,90,1800,3000,37,37,52,103.26,25.27,57.01
bulgarian_02.mp4,2,sube_a_baja|baja_a_sube,sube_a_baja,baja_a_sube,54,90,1800,3000,37,37,53,102.44,25.66,57.37
bulgarian_02.mp4,2,sube_a_baja|baja_a_sube,sube_a_baja,baja_a_sube,54,90,1800,3000,37,37,54,101.72,26.05,57.74
bulgarian_02.mp4,2,sube_a_baja|baja_a_sube,sube_a_baja,baja_a_sube,54,90,1800,3000,37,37,55,101.0,26.43,58.11
bulgarian_02.mp4,2,sube_a_baja|baja_a_sube,sube_a_baja,baja_a_sube,54,90,1800,3000,37,37,56,100.32,26.82,58.47
bulgarian_02.mp4,2,sube_a_baja|baja_a_sube,sube_a_baja,baja_a_sube,54,90,1800,3000,37,37,57,99.69,27.2,58.84
bulgarian_02.mp4,2,sube_a_baja|baja_a_sube,sube_a_baja,baja_a_sube,54,90,1800,3000,37,37,58,99.06,27.58,59.21
bulgarian_02.mp4,2,sube_a_baja|baja_a_sube,sube_a_baja,baja_a_sube,54,90,1800,3000,37,37,59,98.5,27.95,59.54
bulgarian_02.mp4,2,sube_a_baja|baja_a_sube,sube_a_baja,baja_a_sube,54,90,1800,3000,37,37,60,97.98,28.3,59.86
bulgarian_02.mp4,2,sube_a_baja|baja_a_sube,sube_a_baja,baja_a_sube,54,90,1800,3000,37,37,61,97.46,28.66,60.18
bulgarian_02.mp4,2,sube_a_baja|baja_a_sube,sube_a_baja,baja_a_sube,54,90,1800,3000,37,37,62,97.02,29.0,60.5
bulgarian_02.mp4,2,sube_a_baja|baja_a_sube,sube_a_baja,baja_a_sube,54,90,1800,3000,37,37,63,96.6,29.33,60.8
bulgarian_02.mp4,2,sube_a_baja|baja_a_sube,sube_a_baja,baja_a_sube,54,90,1800,3000,37,37,64,96.19,29.66,61.12
bulgarian_02.mp4,2,sube_a_baja|baja_a_sube,sube_a_baja,baja_a_sube,54,90,1800,3000,37,37,65,95.89,29.98,61.48
bulgarian_02.mp4,2,sube_a_baja|baja_a_sube,sube_a_baja,baja_a_sube,54,90,1800,3000,37,37,66,95.59,30.29,61.84
bulgarian_02.mp4,2,sube_a_baja|baja_a_sube,sube_a_baja,baja_a_sube,54,90,1800,3000,37,37,67,95.33,30.59,62.21
bulgarian_02.mp4,2,sube_a_baja|baja_a_sube,sube_a_baja,baja_a_sube,54,90,1800,3000,37,37,68,95.14,30.87,62.6
bulgarian_02.mp4,2,sube_a_baja|baja_a_sube,sube_a_baja,baja_a_sube,54,90,1800,3000,37,37,69,94.94,31.15,63.0
bulgarian_02.mp4,2,sube_a_baja|baja_a_sube,sube_a_baja,baja_a_sube,54,90,1800,3000,37,37,70,94.79,31.41,63.37
bulgarian_02.mp4,2,sube_a_baja|baja_a_sube,sube_a_baja,baja_a_sube,54,90,1800,3000,37,37,71,94.66,31.66,63.74
bulgarian_02.mp4,2,sube_a_baja|baja_a_sube,sube_a_baja,baja_a_sube,54,90,1800,3000,37,37,72,94.53,31.91,64.11
bulgarian_02.mp4,2,sube_a_baja|baja_a_sube,sube_a_baja,baja_a_sube,54,90,1800,3000,37,37,73,94.44,32.14,64.45
bulgarian_02.mp4,2,sube_a_baja|baja_a_sube,sube_a_baja,baja_a_sube,54,90,1800,3000,37,37,74,94.35,32.35,64.78
bulgarian_02.mp4,2,sube_a_baja|baja_a_sube,sube_a_baja,baja_a_sube,54,90,1800,3000,37,37,75,94.27,32.57,65.11
bulgarian_02.mp4,2,sube_a_baja|baja_a_sube,sube_a_baja,baja_a_sube,54,90,1800,3000,37,37,76,94.13,32.71,65.39
bulgarian_02.mp4,2,sube_a_baja|baja_a_sube,sube_a_baja,baja_a_sube,54,90,1800,3000,37,37,77,93.98,32.86,65.66
bulgarian_02.mp4,2,sube_a_baja|baja_a_sube,sube_a_baja,baja_a_sube,54,90,1800,3000,37,37,78,93.83,32.99,65.93
bulgarian_02.mp4,2,sube_a_baja|baja_a_sube,sube_a_baja,baja_a_sube,54,90,1800,3000,37,37,79,93.62,33.08,66.14
bulgarian_02.mp4,2,sube_a_baja|baja_a_sube,sube_a_baja,baja_a_sube,54,90,1800,3000,37,37,80,93.42,33.16,66.36
bulgarian_02.mp4,2,sube_a_baja|baja_a_sube,sube_a_baja,baja_a_sube,54,90,1800,3000,37,37,81,93.21,33.22,66.55
bulgarian_02.mp4,2,sube_a_baja|baja_a_sube,sube_a_baja,baja_a_sube,54,90,1800,3000,37,37,82,92.99,33.24,66.7
bulgarian_02.mp4,2,sube_a_baja|baja_a_sube,sube_a_baja,baja_a_sube,54,90,1800,3000,37,37,83,92.76,33.26,66.85
bulgarian_02.mp4,2,sube_a_baja|baja_a_sube,sube_a_baja,baja_a_sube,54,90,1800,3000,37,37,84,92.56,33.26,66.93
bulgarian_02.mp4,2,sube_a_baja|baja_a_sube,sube_a_baja,baja_a_sube,54,90,1800,3000,37,37,85,92.37,33.25,66.97
bulgarian_02.mp4,2,sube_a_baja|baja_a_sube,sube_a_baja,baja_a_sube,54,90,1800,3000,37,37,86,92.18,33.23,67.01
bulgarian_02.mp4,2,sube_a_baja|baja_a_sube,sube_a_baja,baja_a_sube,54,90,1800,3000,37,37,87,92.04,33.18,66.99
bulgarian_02.mp4,2,sube_a_baja|baja_a_sube,sube_a_baja,baja_a_sube,54,90,1800,3000,37,37,88,91.91,33.13,66.96
bulgarian_02.mp4,2,sube_a_baja|baja_a_sube,sube_a_baja,baja_a_sube,54,90,1800,3000,37,37,89,91.79,33.07,66.93
bulgarian_02.mp4,2,sube_a_baja|baja_a_sube,sube_a_baja,baja_a_sube,54,90,1800,3000,37,37,90,91.75,32.99,66.86
bulgarian_02.mp4,2,sube_a_baja|baja_a_sube,sube_a_baja,baja_a_sube,54,90,1800,3000,37,37,91,91.71,32.91,66.8
bulgarian_02.mp4,2,sube_a_baja|baja_a_sube,sube_a_baja,baja_a_sube,54,90,1800,3000,37,37,92,91.7,32.81,66.71
bulgarian_02.mp4,2,sube_a_baja|baja_a_sube,sube_a_baja,baja_a_sube,54,90,1800,3000,37,37,93,91.72,32.7,66.58
bulgarian_02.mp4,2,sube_a_baja|baja_a_sube,sube_a_baja,baja_a_sube,54,90,1800,3000,37,37,94,91.75,32.58,66.45
bulgarian_02.mp4,2,sube_a_baja|baja_a_sube,sube_a_baja,baja_a_sube,54,90,1800,3000,37,37,95,91.82,32.46,66.31
bulgarian_02.mp4,2,sube_a_baja|baja_a_sube,sube_a_baja,baja_a_sube,54,90,1800,3000,37,37,96,91.93,32.33,66.17
bulgarian_02.mp4,2,sube_a_baja|baja_a_sube,sube_a_baja,baja_a_sube,54,90,1800,3000,37,37,97,92.05,32.2,66.02
bulgarian_02.mp4,2,sube_a_baja|baja_a_sube,sube_a_baja,baja_a_sube,54,90,1800,3000,37,37,98,92.21,32.04,65.88
bulgarian_02.mp4,2,sube_a_baja|baja_a_sube,sube_a_baja,baja_a_sube,54,90,1800,3000,37,37,99,92.39,31.88,65.75
bulgarian_02.mp4,2,sube_a_baja|baja_a_sube,sube_a_baja,baja_a_sube,54,90,1800,3000,37,37,100,92.57,31.71,65.61
bulgarian_04.mp4,1,baja_a_sube|sube_a_baja,baja_a_sube,sube_a_baja,42,77,1400,2566,36,36,0,88.69,29.24,68.9
bulgarian_04.mp4,1,baja_a_sube|sube_a_baja,baja_a_sube,sube_a_baja,42,77,1400,2566,36,36,1,88.91,29.29,68.89
bulgarian_04.mp4,1,baja_a_sube|sube_a_baja,baja_a_sube,sube_a_baja,42,77,1400,2566,36,36,2,89.12,29.34,68.89
bulgarian_04.mp4,1,baja_a_sube|sube_a_baja,baja_a_sube,sube_a_baja,42,77,1400,2566,36,36,3,89.36,29.39,68.88
bulgarian_04.mp4,1,baja_a_sube|sube_a_baja,baja_a_sube,sube_a_baja,42,77,1400,2566,36,36,4,89.68,29.45,68.86
bulgarian_04.mp4,1,baja_a_sube|sube_a_baja,baja_a_sube,sube_a_baja,42,77,1400,2566,36,36,5,90.0,29.51,68.83
bulgarian_04.mp4,1,baja_a_sube|sube_a_baja,baja_a_sube,sube_a_baja,42,77,1400,2566,36,36,6,90.35,29.57,68.81
bulgarian_04.mp4,1,baja_a_sube|sube_a_baja,baja_a_sube,sube_a_baja,42,77,1400,2566,36,36,7,90.77,29.64,68.76
bulgarian_04.mp4,1,baja_a_sube|sube_a_baja,baja_a_sube,sube_a_baja,42,77,1400,2566,36,36,8,91.18,29.71,68.71
bulgarian_04.mp4,1,baja_a_sube|sube_a_baja,baja_a_sube,sube_a_baja,42,77,1400,2566,36,36,9,91.63,29.78,68.65
bulgarian_04.mp4,1,baja_a_sube|sube_a_baja,baja_a_sube,sube_a_baja,42,77,1400,2566,36,36,10,92.12,29.86,68.58
bulgarian_04.mp4,1,baja_a_sube|sube_a_baja,baja_a_sube,sube_a_baja,42,77,1400,2566,36,36,11,92.62,29.93,68.5
bulgarian_04.mp4,1,baja_a_sube|sube_a_baja,baja_a_sube,sube_a_baja,42,77,1400,2566,36,36,12,93.16,30.0,68.43
bulgarian_04.mp4,1,baja_a_sube|sube_a_baja,baja_a_sube,sube_a_baja,42,77,1400,2566,36,36,13,93.74,30.06,68.36
bulgarian_04.mp4,1,baja_a_sube|sube_a_baja,baja_a_sube,sube_a_baja,42,77,1400,2566,36,36,14,94.32,30.13,68.29
bulgarian_04.mp4,1,baja_a_sube|sube_a_baja,baja_a_sube,sube_a_baja,42,77,1400,2566,36,36,15,94.97,30.18,68.22
bulgarian_04.mp4,1,baja_a_sube|sube_a_baja,baja_a_sube,sube_a_baja,42,77,1400,2566,36,36,16,95.63,30.23,68.15
bulgarian_04.mp4,1,baja_a_sube|sube_a_baja,baja_a_sube,sube_a_baja,42,77,1400,2566,36,36,17,96.3,30.27,68.08
bulgarian_04.mp4,1,baja_a_sube|sube_a_baja,baja_a_sube,sube_a_baja,42,77,1400,2566,36,36,18,97.04,30.29,68.02
bulgarian_04.mp4,1,baja_a_sube|sube_a_baja,baja_a_sube,sube_a_baja,42,77,1400,2566,36,36,19,97.81,30.31,67.97
bulgarian_04.mp4,1,baja_a_sube|sube_a_baja,baja_a_sube,sube_a_baja,42,77,1400,2566,36,36,20,98.57,30.32,67.91
bulgarian_04.mp4,1,baja_a_sube|sube_a_baja,baja_a_sube,sube_a_baja,42,77,1400,2566,36,36,21,99.48,30.3,67.85
bulgarian_04.mp4,1,baja_a_sube|sube_a_baja,baja_a_sube,sube_a_baja,42,77,1400,2566,36,36,22,100.38,30.29,67.79
bulgarian_04.mp4,1,baja_a_sube|sube_a_baja,baja_a_sube,sube_a_baja,42,77,1400,2566,36,36,23,101.31,30.26,67.73
bulgarian_04.mp4,1,baja_a_sube|sube_a_baja,baja_a_sube,sube_a_baja,42,77,1400,2566,36,36,24,102.33,30.21,67.64
bulgarian_04.mp4,1,baja_a_sube|sube_a_baja,baja_a_sube,sube_a_baja,42,77,1400,2566,36,36,25,103.36,30.15,67.56
bulgarian_04.mp4,1,baja_a_sube|sube_a_baja,baja_a_sube,sube_a_baja,42,77,1400,2566,36,36,26,104.42,30.08,67.48
bulgarian_04.mp4,1,baja_a_sube|sube_a_baja,baja_a_sube,sube_a_baja,42,77,1400,2566,36,36,27,105.57,29.97,67.42
bulgarian_04.mp4,1,baja_a_sube|sube_a_baja,baja_a_sube,sube_a_baja,42,77,1400,2566,36,36,28,106.72,29.86,67.36
bulgarian_04.mp4,1,baja_a_sube|sube_a_baja,baja_a_sube,sube_a_baja,42,77,1400,2566,36,36,29,107.92,29.74,67.3
bulgarian_04.mp4,1,baja_a_sube|sube_a_baja,baja_a_sube,sube_a_baja,42,77,1400,2566,36,36,30,109.17,29.59,67.26
bulgarian_04.mp4,1,baja_a_sube|sube_a_baja,baja_a_sube,sube_a_baja,42,77,1400,2566,36,36,31,110.42,29.44,67.22
bulgarian_04.mp4,1,baja_a_sube|sube_a_baja,baja_a_sube,sube_a_baja,42,77,1400,2566,36,36,32,111.72,29.27,67.17
bulgarian_04.mp4,1,baja_a_sube|sube_a_baja,baja_a_sube,sube_a_baja,42,77,1400,2566,36,36,33,113.05,29.08,67.13
bulgarian_04.mp4,1,baja_a_sube|sube_a_baja,baja_a_sube,sube_a_baja,42,77,1400,2566,36,36,34,114.38,28.88,67.08
bulgarian_04.mp4,1,baja_a_sube|sube_a_baja,baja_a_sube,sube_a_baja,42,77,1400,2566,36,36,35,115.76,28.66,67.06
bulgarian_04.mp4,1,baja_a_sube|sube_a_baja,baja_a_sube,sube_a_baja,42,77,1400,2566,36,36,36,117.16,28.42,67.05
bulgarian_04.mp4,1,baja_a_sube|sube_a_baja,baja_a_sube,sube_a_baja,42,77,1400,2566,36,36,37,118.56,28.18,67.03
bulgarian_04.mp4,1,baja_a_sube|sube_a_baja,baja_a_sube,sube_a_baja,42,77,1400,2566,36,36,38,119.99,27.91,67.03
bulgarian_04.mp4,1,baja_a_sube|sube_a_baja,baja_a_sube,sube_a_baja,42,77,1400,2566,36,36,39,121.42,27.64,67.02
bulgarian_04.mp4,1,baja_a_sube|sube_a_baja,baja_a_sube,sube_a_baja,42,77,1400,2566,36,36,40,122.85,27.36,67.02
bulgarian_04.mp4,1,baja_a_sube|sube_a_baja,baja_a_sube,sube_a_baja,42,77,1400,2566,36,36,41,124.32,27.04,67.01
bulgarian_04.mp4,1,baja_a_sube|sube_a_baja,baja_a_sube,sube_a_baja,42,77,1400,2566,36,36,42,125.78,26.73,67.0
bulgarian_04.mp4,1,baja_a_sube|sube_a_baja,baja_a_sube,sube_a_baja,42,77,1400,2566,36,36,43,127.25,26.41,66.99
bulgarian_04.mp4,1,baja_a_sube|sube_a_baja,baja_a_sube,sube_a_baja,42,77,1400,2566,36,36,44,128.72,26.06,66.97
bulgarian_04.mp4,1,baja_a_sube|sube_a_baja,baja_a_sube,sube_a_baja,42,77,1400,2566,36,36,45,130.2,25.72,66.95
bulgarian_04.mp4,1,baja_a_sube|sube_a_baja,baja_a_sube,sube_a_baja,42,77,1400,2566,36,36,46,131.67,25.37,66.93
bulgarian_04.mp4,1,baja_a_sube|sube_a_baja,baja_a_sube,sube_a_baja,42,77,1400,2566,36,36,47,133.13,25.0,66.9
bulgarian_04.mp4,1,baja_a_sube|sube_a_baja,baja_a_sube,sube_a_baja,42,77,1400,2566,36,36,48,134.59,24.64,66.88
bulgarian_04.mp4,1,baja_a_sube|sube_a_baja,baja_a_sube,sube_a_baja,42,77,1400,2566,36,36,49,136.04,24.28,66.83
bulgarian_04.mp4,1,baja_a_sube|sube_a_baja,baja_a_sube,sube_a_baja,42,77,1400,2566,36,36,50,137.46,23.92,66.77
bulgarian_04.mp4,1,baja_a_sube|sube_a_baja,baja_a_sube,sube_a_baja,42,77,1400,2566,36,36,51,138.88,23.56,66.72
bulgarian_04.mp4,1,baja_a_sube|sube_a_baja,baja_a_sube,sube_a_baja,42,77,1400,2566,36,36,52,140.25,23.22,66.63
bulgarian_04.mp4,1,baja_a_sube|sube_a_baja,baja_a_sube,sube_a_baja,42,77,1400,2566,36,36,53,141.59,22.88,66.53
bulgarian_04.mp4,1,baja_a_sube|sube_a_baja,baja_a_sube,sube_a_baja,42,77,1400,2566,36,36,54,142.93,22.55,66.42
bulgarian_04.mp4,1,baja_a_sube|sube_a_baja,baja_a_sube,sube_a_baja,42,77,1400,2566,36,36,55,144.2,22.22,66.28
bulgarian_04.mp4,1,baja_a_sube|sube_a_baja,baja_a_sube,sube_a_baja,42,77,1400,2566,36,36,56,145.44,21.91,66.13
bulgarian_04.mp4,1,baja_a_sube|sube_a_baja,baja_a_sube,sube_a_baja,42,77,1400,2566,36,36,57,146.68,21.59,65.97
bulgarian_04.mp4,1,baja_a_sube|sube_a_baja,baja_a_sube,sube_a_baja,42,77,1400,2566,36,36,58,147.83,21.3,65.79
bulgarian_04.mp4,1,baja_a_sube|sube_a_baja,baja_a_sube,sube_a_baja,42,77,1400,2566,36,36,59,148.95,21.01,65.61
bulgarian_04.mp4,1,baja_a_sube|sube_a_baja,baja_a_sube,sube_a_baja,42,77,1400,2566,36,36,60,150.08,20.72,65.43
bulgarian_04.mp4,1,baja_a_sube|sube_a_baja,baja_a_sube,sube_a_baja,42,77,1400,2566,36,36,61,151.08,20.46,65.24
bulgarian_04.mp4,1,baja_a_sube|sube_a_baja,baja_a_sube,sube_a_baja,42,77,1400,2566,36,36,62,152.08,20.2,65.05
bulgarian_04.mp4,1,baja_a_sube|sube_a_baja,baja_a_sube,sube_a_baja,42,77,1400,2566,36,36,63,153.07,19.95,64.85
bulgarian_04.mp4,1,baja_a_sube|sube_a_baja,baja_a_sube,sube_a_baja,42,77,1400,2566,36,36,64,153.94,19.73,64.67
bulgarian_04.mp4,1,baja_a_sube|sube_a_baja,baja_a_sube,sube_a_baja,42,77,1400,2566,36,36,65,154.82,19.51,64.49
bulgarian_04.mp4,1,baja_a_sube|sube_a_baja,baja_a_sube,sube_a_baja,42,77,1400,2566,36,36,66,155.66,19.3,64.31
bulgarian_04.mp4,1,baja_a_sube|sube_a_baja,baja_a_sube,sube_a_baja,42,77,1400,2566,36,36,67,156.41,19.11,64.14
bulgarian_04.mp4,1,baja_a_sube|sube_a_baja,baja_a_sube,sube_a_baja,42,77,1400,2566,36,36,68,157.16,18.93,63.96
bulgarian_04.mp4,1,baja_a_sube|sube_a_baja,baja_a_sube,sube_a_baja,42,77,1400,2566,36,36,69,157.86,18.76,63.79
bulgarian_04.mp4,1,baja_a_sube|sube_a_baja,baja_a_sube,sube_a_baja,42,77,1400,2566,36,36,70,158.5,18.61,63.63
bulgarian_04.mp4,1,baja_a_sube|sube_a_baja,baja_a_sube,sube_a_baja,42,77,1400,2566,36,36,71,159.14,18.46,63.47
bulgarian_04.mp4,1,baja_a_sube|sube_a_baja,baja_a_sube,sube_a_baja,42,77,1400,2566,36,36,72,159.72,18.33,63.31
bulgarian_04.mp4,1,baja_a_sube|sube_a_baja,baja_a_sube,sube_a_baja,42,77,1400,2566,36,36,73,160.25,18.21,63.16
bulgarian_04.mp4,1,baja_a_sube|sube_a_baja,baja_a_sube,sube_a_baja,42,77,1400,2566,36,36,74,160.79,18.09,63.01
bulgarian_04.mp4,1,baja_a_sube|sube_a_baja,baja_a_sube,sube_a_baja,42,77,1400,2566,36,36,75,161.26,17.98,62.87
bulgarian_04.mp4,1,baja_a_sube|sube_a_baja,baja_a_sube,sube_a_baja,42,77,1400,2566,36,36,76,161.7,17.89,62.74
bulgarian_04.mp4,1,baja_a_sube|sube_a_baja,baja_a_sube,sube_a_baja,42,77,1400,2566,36,36,77,162.15,17.8,62.6
bulgarian_04.mp4,1,baja_a_sube|sube_a_baja,baja_a_sube,sube_a_baja,42,77,1400,2566,36,36,78,162.53,17.73,62.48
bulgarian_04.mp4,1,baja_a_sube|sube_a_baja,baja_a_sube,sube_a_baja,42,77,1400,2566,36,36,79,162.89,17.66,62.37
bulgarian_04.mp4,1,baja_a_sube|sube_a_baja,baja_a_sube,sube_a_baja,42,77,1400,2566,36,36,80,163.26,17.59,62.25
bulgarian_04.mp4,1,baja_a_sube|sube_a_baja,baja_a_sube,sube_a_baja,42,77,1400,2566,36,36,81,163.56,17.54,62.16
bulgarian_04.mp4,1,baja_a_sube|sube_a_baja,baja_a_sube,sube_a_baja,42,77,1400,2566,36,36,82,163.86,17.48,62.06
bulgarian_04.mp4,1,baja_a_sube|sube_a_baja,baja_a_sube,sube_a_baja,42,77,1400,2566,36,36,83,164.16,17.43,61.97
bulgarian_04.mp4,1,baja_a_sube|sube_a_baja,baja_a_sube,sube_a_baja,42,77,1400,2566,36,36,84,164.4,17.4,61.89
bulgarian_04.mp4,1,baja_a_sube|sube_a_baja,baja_a_sube,sube_a_baja,42,77,1400,2566,36,36,85,164.65,17.36,61.81
bulgarian_04.mp4,1,baja_a_sube|sube_a_baja,baja_a_sube,sube_a_baja,42,77,1400,2566,36,36,86,164.88,17.32,61.74
bulgarian_04.mp4,1,baja_a_sube|sube_a_baja,baja_a_sube,sube_a_baja,42,77,1400,2566,36,36,87,165.08,17.29,61.69
bulgarian_04.mp4,1,baja_a_sube|sube_a_baja,baja_a_sube,sube_a_baja,42,77,1400,2566,36,36,88,165.28,17.27,61.63
bulgarian_04.mp4,1,baja_a_sube|sube_a_baja,baja_a_sube,sube_a_baja,42,77,1400,2566,36,36,89,165.47,17.24,61.58
bulgarian_04.mp4,1,baja_a_sube|sube_a_baja,baja_a_sube,sube_a_baja,42,77,1400,2566,36,36,90,165.62,17.22,61.55
bulgarian_04.mp4,1,baja_a_sube|sube_a_baja,baja_a_sube,sube_a_baja,42,77,1400,2566,36,36,91,165.77,17.2,61.51
bulgarian_04.mp4,1,baja_a_sube|sube_a_baja,baja_a_sube,sube_a_baja,42,77,1400,2566,36,36,92,165.9,17.19,61.47
bulgarian_04.mp4,1,baja_a_sube|sube_a_baja,baja_a_sube,sube_a_baja,42,77,1400,2566,36,36,93,166.0,17.18,61.42
bulgarian_04.mp4,1,baja_a_sube|sube_a_baja,baja_a_sube,sube_a_baja,42,77,1400,2566,36,36,94,166.1,17.17,61.38
bulgarian_04.mp4,1,baja_a_sube|sube_a_baja,baja_a_sube,sube_a_baja,42,77,1400,2566,36,36,95,166.14,17.18,61.35
bulgarian_04.mp4,1,baja_a_sube|sube_a_baja,baja_a_sube,sube_a_baja,42,77,1400,2566,36,36,96,166.16,17.19,61.32
bulgarian_04.mp4,1,baja_a_sube|sube_a_baja,baja_a_sube,sube_a_baja,42,77,1400,2566,36,36,97,166.18,17.2,61.28
bulgarian_04.mp4,1,baja_a_sube|sube_a_baja,baja_a_sube,sube_a_baja,42,77,1400,2566,36,36,98,166.1,17.23,61.25
bulgarian_04.mp4,1,baja_a_sube|sube_a_baja,baja_a_sube,sube_a_baja,42,77,1400,2566,36,36,99,166.0,17.27,61.21
bulgarian_04.mp4,1,baja_a_sube|sube_a_baja,baja_a_sube,sube_a_baja,42,77,1400,2566,36,36,100,165.9,17.3,61.17
bulgarian_05.mp4,1,baja_a_sube|sube_a_baja,baja_a_sube,sube_a_baja,41,72,1366,2400,32,32,0,94.96,30.2,61.2
bulgarian_05.mp4,1,baja_a_sube|sube_a_baja,baja_a_sube,sube_a_baja,41,72,1366,2400,32,32,1,95.14,30.25,61.04
bulgarian_05.mp4,1,baja_a_sube|sube_a_baja,baja_a_sube,sube_a_baja,41,72,1366,2400,32,32,2,95.33,30.3,60.88
bulgarian_05.mp4,1,baja_a_sube|sube_a_baja,baja_a_sube,sube_a_baja,41,72,1366,2400,32,32,3,95.51,30.35,60.73
bulgarian_05.mp4,1,baja_a_sube|sube_a_baja,baja_a_sube,sube_a_baja,41,72,1366,2400,32,32,4,95.75,30.39,60.51
bulgarian_05.mp4,1,baja_a_sube|sube_a_baja,baja_a_sube,sube_a_baja,41,72,1366,2400,32,32,5,96.01,30.44,60.29
bulgarian_05.mp4,1,baja_a_sube|sube_a_baja,baja_a_sube,sube_a_baja,41,72,1366,2400,32,32,6,96.26,30.48,60.06
bulgarian_05.mp4,1,baja_a_sube|sube_a_baja,baja_a_sube,sube_a_baja,41,72,1366,2400,32,32,7,96.54,30.52,59.83
bulgarian_05.mp4,1,baja_a_sube|sube_a_baja,baja_a_sube,sube_a_baja,41,72,1366,2400,32,32,8,96.83,30.54,59.59
bulgarian_05.mp4,1,baja_a_sube|sube_a_baja,baja_a_sube,sube_a_baja,41,72,1366,2400,32,32,9,97.11,30.57,59.34
bulgarian_05.mp4,1,baja_a_sube|sube_a_baja,baja_a_sube,sube_a_baja,41,72,1366,2400,32,32,10,97.41,30.59,59.12
bulgarian_05.mp4,1,baja_a_sube|sube_a_baja,baja_a_sube,sube_a_baja,41,72,1366,2400,32,32,11,97.73,30.6,58.91
bulgarian_05.mp4,1,baja_a_sube|sube_a_baja,baja_a_sube,sube_a_baja,41,72,1366,2400,32,32,12,98.05,30.6,58.71
bulgarian_05.mp4,1,baja_a_sube|sube_a_baja,baja_a_sube,sube_a_baja,41,72,1366,2400,32,32,13,98.37,30.61,58.51
bulgarian_05.mp4,1,baja_a_sube|sube_a_baja,baja_a_sube,sube_a_baja,41,72,1366,2400,32,32,14,98.72,30.6,58.32
bulgarian_05.mp4,1,baja_a_sube|sube_a_baja,baja_a_sube,sube_a_baja,41,72,1366,2400,32,32,15,99.07,30.58,58.12
bulgarian_05.mp4,1,baja_a_sube|sube_a_baja,baja_a_sube,sube_a_baja,41,72,1366,2400,32,32,16,99.42,30.57,57.93
bulgarian_05.mp4,1,baja_a_sube|sube_a_baja,baja_a_sube,sube_a_baja,41,72,1366,2400,32,32,17,99.84,30.55,57.67
bulgarian_05.mp4,1,baja_a_sube|sube_a_baja,baja_a_sube,sube_a_baja,41,72,1366,2400,32,32,18,100.26,30.52,57.41
bulgarian_05.mp4,1,baja_a_sube|sube_a_baja,baja_a_sube,sube_a_baja,41,72,1366,2400,32,32,19,100.69,30.5,57.14
bulgarian_05.mp4,1,baja_a_sube|sube_a_baja,baja_a_sube,sube_a_baja,41,72,1366,2400,32,32,20,101.17,30.47,56.82
bulgarian_05.mp4,1,baja_a_sube|sube_a_baja,baja_a_sube,sube_a_baja,41,72,1366,2400,32,32,21,101.69,30.44,56.47
bulgarian_05.mp4,1,baja_a_sube|sube_a_baja,baja_a_sube,sube_a_baja,41,72,1366,2400,32,32,22,102.21,30.41,56.12
bulgarian_05.mp4,1,baja_a_sube|sube_a_baja,baja_a_sube,sube_a_baja,41,72,1366,2400,32,32,23,102.75,30.37,55.73
bulgarian_05.mp4,1,baja_a_sube|sube_a_baja,baja_a_sube,sube_a_baja,41,72,1366,2400,32,32,24,103.32,30.32,55.27
bulgarian_05.mp4,1,baja_a_sube|sube_a_baja,baja_a_sube,sube_a_baja,41,72,1366,2400,32,32,25,103.9,30.28,54.81
bulgarian_05.mp4,1,baja_a_sube|sube_a_baja,baja_a_sube,sube_a_baja,41,72,1366,2400,32,32,26,104.49,30.23,54.35
bulgarian_05.mp4,1,baja_a_sube|sube_a_baja,baja_a_sube,sube_a_baja,41,72,1366,2400,32,32,27,105.15,30.18,53.88
bulgarian_05.mp4,1,baja_a_sube|sube_a_baja,baja_a_sube,sube_a_baja,41,72,1366,2400,32,32,28,105.82,30.12,53.41
bulgarian_05.mp4,1,baja_a_sube|sube_a_baja,baja_a_sube,sube_a_baja,41,72,1366,2400,32,32,29,106.48,30.07,52.94
bulgarian_05.mp4,1,baja_a_sube|sube_a_baja,baja_a_sube,sube_a_baja,41,72,1366,2400,32,32,30,107.27,30.05,53.12
bulgarian_05.mp4,1,baja_a_sube|sube_a_baja,baja_a_sube,sube_a_baja,41,72,1366,2400,32,32,31,108.07,30.04,53.32
bulgarian_05.mp4,1,baja_a_sube|sube_a_baja,baja_a_sube,sube_a_baja,41,72,1366,2400,32,32,32,108.87,30.02,53.53
bulgarian_05.mp4,1,baja_a_sube|sube_a_baja,baja_a_sube,sube_a_baja,41,72,1366,2400,32,32,33,109.76,30.08,53.84
bulgarian_05.mp4,1,baja_a_sube|sube_a_baja,baja_a_sube,sube_a_baja,41,72,1366,2400,32,32,34,110.68,30.17,54.19
bulgarian_05.mp4,1,baja_a_sube|sube_a_baja,baja_a_sube,sube_a_baja,41,72,1366,2400,32,32,35,111.6,30.25,54.54
bulgarian_05.mp4,1,baja_a_sube|sube_a_baja,baja_a_sube,sube_a_baja,41,72,1366,2400,32,32,36,112.6,30.37,55.02
bulgarian_05.mp4,1,baja_a_sube|sube_a_baja,baja_a_sube,sube_a_baja,41,72,1366,2400,32,32,37,113.68,30.51,55.63
bulgarian_05.mp4,1,baja_a_sube|sube_a_baja,baja_a_sube,sube_a_baja,41,72,1366,2400,32,32,38,114.75,30.66,56.24
bulgarian_05.mp4,1,baja_a_sube|sube_a_baja,baja_a_sube,sube_a_baja,41,72,1366,2400,32,32,39,115.84,30.81,56.9
bulgarian_05.mp4,1,baja_a_sube|sube_a_baja,baja_a_sube,sube_a_baja,41,72,1366,2400,32,32,40,116.97,30.98,57.68
bulgarian_05.mp4,1,baja_a_sube|sube_a_baja,baja_a_sube,sube_a_baja,41,72,1366,2400,32,32,41,118.1,31.16,58.46
bulgarian_05.mp4,1,baja_a_sube|sube_a_baja,baja_a_sube,sube_a_baja,41,72,1366,2400,32,32,42,119.24,31.33,59.25
bulgarian_05.mp4,1,baja_a_sube|sube_a_baja,baja_a_sube,sube_a_baja,41,72,1366,2400,32,32,43,120.42,31.51,60.14
bulgarian_05.mp4,1,baja_a_sube|sube_a_baja,baja_a_sube,sube_a_baja,41,72,1366,2400,32,32,44,121.6,31.69,61.04
bulgarian_05.mp4,1,baja_a_sube|sube_a_baja,baja_a_sube,sube_a_baja,41,72,1366,2400,32,32,45,122.78,31.87,61.94
bulgarian_05.mp4,1,baja_a_sube|sube_a_baja,baja_a_sube,sube_a_baja,41,72,1366,2400,32,32,46,123.95,32.04,62.87
bulgarian_05.mp4,1,baja_a_sube|sube_a_baja,baja_a_sube,sube_a_baja,41,72,1366,2400,32,32,47,125.12,32.21,63.82
bulgarian_05.mp4,1,baja_a_sube|sube_a_baja,baja_a_sube,sube_a_baja,41,72,1366,2400,32,32,48,126.29,32.38,64.76
bulgarian_05.mp4,1,baja_a_sube|sube_a_baja,baja_a_sube,sube_a_baja,41,72,1366,2400,32,32,49,127.48,32.54,65.73
bulgarian_05.mp4,1,baja_a_sube|sube_a_baja,baja_a_sube,sube_a_baja,41,72,1366,2400,32,32,50,128.68,32.67,66.7
bulgarian_05.mp4,1,baja_a_sube|sube_a_baja,baja_a_sube,sube_a_baja,41,72,1366,2400,32,32,51,129.88,32.81,67.68
bulgarian_05.mp4,1,baja_a_sube|sube_a_baja,baja_a_sube,sube_a_baja,41,72,1366,2400,32,32,52,131.07,32.93,68.65
bulgarian_05.mp4,1,baja_a_sube|sube_a_baja,baja_a_sube,sube_a_baja,41,72,1366,2400,32,32,53,132.25,33.02,69.6
bulgarian_05.mp4,1,baja_a_sube|sube_a_baja,baja_a_sube,sube_a_baja,41,72,1366,2400,32,32,54,133.42,33.11,70.55
bulgarian_05.mp4,1,baja_a_sube|sube_a_baja,baja_a_sube,sube_a_baja,41,72,1366,2400,32,32,55,134.58,33.2,71.49
bulgarian_05.mp4,1,baja_a_sube|sube_a_baja,baja_a_sube,sube_a_baja,41,72,1366,2400,32,32,56,135.67,33.25,72.35
bulgarian_05.mp4,1,baja_a_sube|sube_a_baja,baja_a_sube,sube_a_baja,41,72,1366,2400,32,32,57,136.77,33.3,73.22
bulgarian_05.mp4,1,baja_a_sube|sube_a_baja,baja_a_sube,sube_a_baja,41,72,1366,2400,32,32,58,137.87,33.36,74.08
bulgarian_05.mp4,1,baja_a_sube|sube_a_baja,baja_a_sube,sube_a_baja,41,72,1366,2400,32,32,59,138.88,33.38,74.86
bulgarian_05.mp4,1,baja_a_sube|sube_a_baja,baja_a_sube,sube_a_baja,41,72,1366,2400,32,32,60,139.88,33.41,75.63
bulgarian_05.mp4,1,baja_a_sube|sube_a_baja,baja_a_sube,sube_a_baja,41,72,1366,2400,32,32,61,140.88,33.43,76.41
bulgarian_05.mp4,1,baja_a_sube|sube_a_baja,baja_a_sube,sube_a_baja,41,72,1366,2400,32,32,62,141.81,33.44,77.08
bulgarian_05.mp4,1,baja_a_sube|sube_a_baja,baja_a_sube,sube_a_baja,41,72,1366,2400,32,32,63,142.71,33.43,77.71
bulgarian_05.mp4,1,baja_a_sube|sube_a_baja,baja_a_sube,sube_a_baja,41,72,1366,2400,32,32,64,143.61,33.42,78.34
bulgarian_05.mp4,1,baja_a_sube|sube_a_baja,baja_a_sube,sube_a_baja,41,72,1366,2400,32,32,65,144.48,33.41,78.87
bulgarian_05.mp4,1,baja_a_sube|sube_a_baja,baja_a_sube,sube_a_baja,41,72,1366,2400,32,32,66,145.32,33.39,79.32
bulgarian_05.mp4,1,baja_a_sube|sube_a_baja,baja_a_sube,sube_a_baja,41,72,1366,2400,32,32,67,146.15,33.37,79.76
bulgarian_05.mp4,1,baja_a_sube|sube_a_baja,baja_a_sube,sube_a_baja,41,72,1366,2400,32,32,68,146.97,33.34,80.16
bulgarian_05.mp4,1,baja_a_sube|sube_a_baja,baja_a_sube,sube_a_baja,41,72,1366,2400,32,32,69,147.74,33.28,80.41
bulgarian_05.mp4,1,baja_a_sube|sube_a_baja,baja_a_sube,sube_a_baja,41,72,1366,2400,32,32,70,148.51,33.23,80.67
bulgarian_05.mp4,1,baja_a_sube|sube_a_baja,baja_a_sube,sube_a_baja,41,72,1366,2400,32,32,71,149.28,33.18,80.93
bulgarian_05.mp4,1,baja_a_sube|sube_a_baja,baja_a_sube,sube_a_baja,41,72,1366,2400,32,32,72,150.01,33.12,81.11
bulgarian_05.mp4,1,baja_a_sube|sube_a_baja,baja_a_sube,sube_a_baja,41,72,1366,2400,32,32,73,150.73,33.07,81.29
bulgarian_05.mp4,1,baja_a_sube|sube_a_baja,baja_a_sube,sube_a_baja,41,72,1366,2400,32,32,74,151.46,33.01,81.47
bulgarian_05.mp4,1,baja_a_sube|sube_a_baja,baja_a_sube,sube_a_baja,41,72,1366,2400,32,32,75,152.14,32.95,81.52
bulgarian_05.mp4,1,baja_a_sube|sube_a_baja,baja_a_sube,sube_a_baja,41,72,1366,2400,32,32,76,152.81,32.88,81.54
bulgarian_05.mp4,1,baja_a_sube|sube_a_baja,baja_a_sube,sube_a_baja,41,72,1366,2400,32,32,77,153.48,32.82,81.57
bulgarian_05.mp4,1,baja_a_sube|sube_a_baja,baja_a_sube,sube_a_baja,41,72,1366,2400,32,32,78,154.11,32.75,81.54
bulgarian_05.mp4,1,baja_a_sube|sube_a_baja,baja_a_sube,sube_a_baja,41,72,1366,2400,32,32,79,154.7,32.67,81.47
bulgarian_05.mp4,1,baja_a_sube|sube_a_baja,baja_a_sube,sube_a_baja,41,72,1366,2400,32,32,80,155.3,32.6,81.4
bulgarian_05.mp4,1,baja_a_sube|sube_a_baja,baja_a_sube,sube_a_baja,41,72,1366,2400,32,32,81,155.86,32.52,81.32
bulgarian_05.mp4,1,baja_a_sube|sube_a_baja,baja_a_sube,sube_a_baja,41,72,1366,2400,32,32,82,156.37,32.44,81.21
bulgarian_05.mp4,1,baja_a_sube|sube_a_baja,baja_a_sube,sube_a_baja,41,72,1366,2400,32,32,83,156.88,32.35,81.1
bulgarian_05.mp4,1,baja_a_sube|sube_a_baja,baja_a_sube,sube_a_baja,41,72,1366,2400,32,32,84,157.39,32.27,80.98
bulgarian_05.mp4,1,baja_a_sube|sube_a_baja,baja_a_sube,sube_a_baja,41,72,1366,2400,32,32,85,157.82,32.17,80.83
bulgarian_05.mp4,1,baja_a_sube|sube_a_baja,baja_a_sube,sube_a_baja,41,72,1366,2400,32,32,86,158.25,32.07,80.67
bulgarian_05.mp4,1,baja_a_sube|sube_a_baja,baja_a_sube,sube_a_baja,41,72,1366,2400,32,32,87,158.68,31.97,80.52
bulgarian_05.mp4,1,baja_a_sube|sube_a_baja,baja_a_sube,sube_a_baja,41,72,1366,2400,32,32,88,159.02,31.87,80.39
bulgarian_05.mp4,1,baja_a_sube|sube_a_baja,baja_a_sube,sube_a_baja,41,72,1366,2400,32,32,89,159.36,31.77,80.28
bulgarian_05.mp4,1,baja_a_sube|sube_a_baja,baja_a_sube,sube_a_baja,41,72,1366,2400,32,32,90,159.69,31.67,80.16
bulgarian_05.mp4,1,baja_a_sube|sube_a_baja,baja_a_sube,sube_a_baja,41,72,1366,2400,32,32,91,159.96,31.59,80.06
bulgarian_05.mp4,1,baja_a_sube|sube_a_baja,baja_a_sube,sube_a_baja,41,72,1366,2400,32,32,92,160.2,31.52,79.97
bulgarian_05.mp4,1,baja_a_sube|sube_a_baja,baja_a_sube,sube_a_baja,41,72,1366,2400,32,32,93,160.43,31.44,79.89
bulgarian_05.mp4,1,baja_a_sube|sube_a_baja,baja_a_sube,sube_a_baja,41,72,1366,2400,32,32,94,160.61,31.39,79.79
bulgarian_05.mp4,1,baja_a_sube|sube_a_baja,baja_a_sube,sube_a_baja,41,72,1366,2400,32,32,95,160.73,31.36,79.66
bulgarian_05.mp4,1,baja_a_sube|sube_a_baja,baja_a_sube,sube_a_baja,41,72,1366,2400,32,32,96,160.84,31.33,79.54
bulgarian_05.mp4,1,baja_a_sube|sube_a_baja,baja_a_sube,sube_a_baja,41,72,1366,2400,32,32,97,160.91,31.31,79.41
bulgarian_05.mp4,1,baja_a_sube|sube_a_baja,baja_a_sube,sube_a_baja,41,72,1366,2400,32,32,98,160.82,31.32,79.24
bulgarian_05.mp4,1,baja_a_sube|sube_a_baja,baja_a_sube,sube_a_baja,41,72,1366,2400,32,32,99,160.74,31.33,79.06
bulgarian_05.mp4,1,baja_a_sube|sube_a_baja,baja_a_sube,sube_a_baja,41,72,1366,2400,32,32,100,160.65,31.34,78.89
bulgarian_07.mp4,1,baja_a_sube|sube_a_baja,baja_a_sube,sube_a_baja,81,141,2700,4700,61,61,0,68.35,47.37,59.16
bulgarian_07.mp4,1,baja_a_sube|sube_a_baja,baja_a_sube,sube_a_baja,81,141,2700,4700,61,61,1,68.66,47.48,59.3
bulgarian_07.mp4,1,baja_a_sube|sube_a_baja,baja_a_sube,sube_a_baja,81,141,2700,4700,61,61,2,69.01,47.61,59.46
bulgarian_07.mp4,1,baja_a_sube|sube_a_baja,baja_a_sube,sube_a_baja,81,141,2700,4700,61,61,3,69.41,47.76,59.67
bulgarian_07.mp4,1,baja_a_sube|sube_a_baja,baja_a_sube,sube_a_baja,81,141,2700,4700,61,61,4,69.88,47.93,59.92
bulgarian_07.mp4,1,baja_a_sube|sube_a_baja,baja_a_sube,sube_a_baja,81,141,2700,4700,61,61,5,70.38,48.1,60.19
bulgarian_07.mp4,1,baja_a_sube|sube_a_baja,baja_a_sube,sube_a_baja,81,141,2700,4700,61,61,6,70.96,48.32,60.49
bulgarian_07.mp4,1,baja_a_sube|sube_a_baja,baja_a_sube,sube_a_baja,81,141,2700,4700,61,61,7,71.56,48.54,60.77
bulgarian_07.mp4,1,baja_a_sube|sube_a_baja,baja_a_sube,sube_a_baja,81,141,2700,4700,61,61,8,72.22,48.78,61.03
bulgarian_07.mp4,1,baja_a_sube|sube_a_baja,baja_a_sube,sube_a_baja,81,141,2700,4700,61,61,9,72.88,49.03,61.25
bulgarian_07.mp4,1,baja_a_sube|sube_a_baja,baja_a_sube,sube_a_baja,81,141,2700,4700,61,61,10,73.54,49.28,61.47
bulgarian_07.mp4,1,baja_a_sube|sube_a_baja,baja_a_sube,sube_a_baja,81,141,2700,4700,61,61,11,74.24,49.55,61.66
bulgarian_07.mp4,1,baja_a_sube|sube_a_baja,baja_a_sube,sube_a_baja,81,141,2700,4700,61,61,12,74.97,49.82,61.84
bulgarian_07.mp4,1,baja_a_sube|sube_a_baja,baja_a_sube,sube_a_baja,81,141,2700,4700,61,61,13,75.77,50.1,61.99
bulgarian_07.mp4,1,baja_a_sube|sube_a_baja,baja_a_sube,sube_a_baja,81,141,2700,4700,61,61,14,76.58,50.38,62.1
bulgarian_07.mp4,1,baja_a_sube|sube_a_baja,baja_a_sube,sube_a_baja,81,141,2700,4700,61,61,15,77.4,50.67,62.18
bulgarian_07.mp4,1,baja_a_sube|sube_a_baja,baja_a_sube,sube_a_baja,81,141,2700,4700,61,61,16,78.27,50.96,62.25
bulgarian_07.mp4,1,baja_a_sube|sube_a_baja,baja_a_sube,sube_a_baja,81,141,2700,4700,61,61,17,79.23,51.24,62.33
bulgarian_07.mp4,1,baja_a_sube|sube_a_baja,baja_a_sube,sube_a_baja,81,141,2700,4700,61,61,18,80.39,51.52,62.41
bulgarian_07.mp4,1,baja_a_sube|sube_a_baja,baja_a_sube,sube_a_baja,81,141,2700,4700,61,61,19,81.67,51.76,62.47
bulgarian_07.mp4,1,baja_a_sube|sube_a_baja,baja_a_sube,sube_a_baja,81,141,2700,4700,61,61,20,83.03,51.99,62.52
bulgarian_07.mp4,1,baja_a_sube|sube_a_baja,baja_a_sube,sube_a_baja,81,141,2700,4700,61,61,21,84.57,52.19,62.54
bulgarian_07.mp4,1,baja_a_sube|sube_a_baja,baja_a_sube,sube_a_baja,81,141,2700,4700,61,61,22,86.13,52.37,62.55
bulgarian_07.mp4,1,baja_a_sube|sube_a_baja,baja_a_sube,sube_a_baja,81,141,2700,4700,61,61,23,87.75,52.51,62.51
bulgarian_07.mp4,1,baja_a_sube|sube_a_baja,baja_a_sube,sube_a_baja,81,141,2700,4700,61,61,24,89.41,52.64,62.46
bulgarian_07.mp4,1,baja_a_sube|sube_a_baja,baja_a_sube,sube_a_baja,81,141,2700,4700,61,61,25,91.1,52.75,62.4
bulgarian_07.mp4,1,baja_a_sube|sube_a_baja,baja_a_sube,sube_a_baja,81,141,2700,4700,61,61,26,92.77,52.81,62.38
bulgarian_07.mp4,1,baja_a_sube|sube_a_baja,baja_a_sube,sube_a_baja,81,141,2700,4700,61,61,27,94.43,52.86,62.36
bulgarian_07.mp4,1,baja_a_sube|sube_a_baja,baja_a_sube,sube_a_baja,81,141,2700,4700,61,61,28,96.06,52.9,62.37
bulgarian_07.mp4,1,baja_a_sube|sube_a_baja,baja_a_sube,sube_a_baja,81,141,2700,4700,61,61,29,97.65,52.93,62.35
bulgarian_07.mp4,1,baja_a_sube|sube_a_baja,baja_a_sube,sube_a_baja,81,141,2700,4700,61,61,30,99.23,52.95,62.33
bulgarian_07.mp4,1,baja_a_sube|sube_a_baja,baja_a_sube,sube_a_baja,81,141,2700,4700,61,61,31,100.75,52.95,62.27
bulgarian_07.mp4,1,baja_a_sube|sube_a_baja,baja_a_sube,sube_a_baja,81,141,2700,4700,61,61,32,102.28,52.94,62.2
bulgarian_07.mp4,1,baja_a_sube|sube_a_baja,baja_a_sube,sube_a_baja,81,141,2700,4700,61,61,33,103.79,52.89,62.12
bulgarian_07.mp4,1,baja_a_sube|sube_a_baja,baja_a_sube,sube_a_baja,81,141,2700,4700,61,61,34,105.32,52.82,62.07
bulgarian_07.mp4,1,baja_a_sube|sube_a_baja,baja_a_sube,sube_a_baja,81,141,2700,4700,61,61,35,106.84,52.73,62.05
bulgarian_07.mp4,1,baja_a_sube|sube_a_baja,baja_a_sube,sube_a_baja,81,141,2700,4700,61,61,36,108.31,52.62,62.06
bulgarian_07.mp4,1,baja_a_sube|sube_a_baja,baja_a_sube,sube_a_baja,81,141,2700,4700,61,61,37,109.75,52.49,62.06
bulgarian_07.mp4,1,baja_a_sube|sube_a_baja,baja_a_sube,sube_a_baja,81,141,2700,4700,61,61,38,111.12,52.36,62.05
bulgarian_07.mp4,1,baja_a_sube|sube_a_baja,baja_a_sube,sube_a_baja,81,141,2700,4700,61,61,39,112.43,52.21,62.02
bulgarian_07.mp4,1,baja_a_sube|sube_a_baja,baja_a_sube,sube_a_baja,81,141,2700,4700,61,61,40,113.7,52.06,61.97
bulgarian_07.mp4,1,baja_a_sube|sube_a_baja,baja_a_sube,sube_a_baja,81,141,2700,4700,61,61,41,114.83,51.92,61.83
bulgarian_07.mp4,1,baja_a_sube|sube_a_baja,baja_a_sube,sube_a_baja,81,141,2700,4700,61,61,42,115.92,51.77,61.64
bulgarian_07.mp4,1,baja_a_sube|sube_a_baja,baja_a_sube,sube_a_baja,81,141,2700,4700,61,61,43,116.9,51.64,61.39
bulgarian_07.mp4,1,baja_a_sube|sube_a_baja,baja_a_sube,sube_a_baja,81,141,2700,4700,61,61,44,117.79,51.49,61.1
bulgarian_07.mp4,1,baja_a_sube|sube_a_baja,baja_a_sube,sube_a_baja,81,141,2700,4700,61,61,45,118.62,51.34,60.79
bulgarian_07.mp4,1,baja_a_sube|sube_a_baja,baja_a_sube,sube_a_baja,81,141,2700,4700,61,61,46,119.31,51.19,60.49
bulgarian_07.mp4,1,baja_a_sube|sube_a_baja,baja_a_sube,sube_a_baja,81,141,2700,4700,61,61,47,119.95,51.03,60.21
bulgarian_07.mp4,1,baja_a_sube|sube_a_baja,baja_a_sube,sube_a_baja,81,141,2700,4700,61,61,48,120.51,50.86,59.97
bulgarian_07.mp4,1,baja_a_sube|sube_a_baja,baja_a_sube,sube_a_baja,81,141,2700,4700,61,61,49,121.03,50.68,59.67
bulgarian_07.mp4,1,baja_a_sube|sube_a_baja,baja_a_sube,sube_a_baja,81,141,2700,4700,61,61,50,121.54,50.49,59.35
bulgarian_07.mp4,1,baja_a_sube|sube_a_baja,baja_a_sube,sube_a_baja,81,141,2700,4700,61,61,51,122.07,50.29,58.88
bulgarian_07.mp4,1,baja_a_sube|sube_a_baja,baja_a_sube,sube_a_baja,81,141,2700,4700,61,61,52,122.63,50.07,58.39
bulgarian_07.mp4,1,baja_a_sube|sube_a_baja,baja_a_sube,sube_a_baja,81,141,2700,4700,61,61,53,123.27,49.85,57.89
bulgarian_07.mp4,1,baja_a_sube|sube_a_baja,baja_a_sube,sube_a_baja,81,141,2700,4700,61,61,54,123.99,49.6,57.38
bulgarian_07.mp4,1,baja_a_sube|sube_a_baja,baja_a_sube,sube_a_baja,81,141,2700,4700,61,61,55,124.76,49.34,56.88
bulgarian_07.mp4,1,baja_a_sube|sube_a_baja,baja_a_sube,sube_a_baja,81,141,2700,4700,61,61,56,125.75,49.06,56.42
bulgarian_07.mp4,1,baja_a_sube|sube_a_baja,baja_a_sube,sube_a_baja,81,141,2700,4700,61,61,57,126.79,48.77,55.99
bulgarian_07.mp4,1,baja_a_sube|sube_a_baja,baja_a_sube,sube_a_baja,81,141,2700,4700,61,61,58,127.91,48.49,55.62
bulgarian_07.mp4,1,baja_a_sube|sube_a_baja,baja_a_sube,sube_a_baja,81,141,2700,4700,61,61,59,129.12,48.2,55.29
bulgarian_07.mp4,1,baja_a_sube|sube_a_baja,baja_a_sube,sube_a_baja,81,141,2700,4700,61,61,60,130.36,47.91,54.98
bulgarian_07.mp4,1,baja_a_sube|sube_a_baja,baja_a_sube,sube_a_baja,81,141,2700,4700,61,61,61,131.7,47.62,54.76
bulgarian_07.mp4,1,baja_a_sube|sube_a_baja,baja_a_sube,sube_a_baja,81,141,2700,4700,61,61,62,133.07,47.33,54.56
bulgarian_07.mp4,1,baja_a_sube|sube_a_baja,baja_a_sube,sube_a_baja,81,141,2700,4700,61,61,63,134.53,47.06,54.42
bulgarian_07.mp4,1,baja_a_sube|sube_a_baja,baja_a_sube,sube_a_baja,81,141,2700,4700,61,61,64,136.05,46.79,54.31
bulgarian_07.mp4,1,baja_a_sube|sube_a_baja,baja_a_sube,sube_a_baja,81,141,2700,4700,61,61,65,137.62,46.51,54.22
bulgarian_07.mp4,1,baja_a_sube|sube_a_baja,baja_a_sube,sube_a_baja,81,141,2700,4700,61,61,66,139.24,46.23,54.14
bulgarian_07.mp4,1,baja_a_sube|sube_a_baja,baja_a_sube,sube_a_baja,81,141,2700,4700,61,61,67,140.87,45.96,54.03
bulgarian_07.mp4,1,baja_a_sube|sube_a_baja,baja_a_sube,sube_a_baja,81,141,2700,4700,61,61,68,142.5,45.71,53.89
bulgarian_07.mp4,1,baja_a_sube|sube_a_baja,baja_a_sube,sube_a_baja,81,141,2700,4700,61,61,69,144.12,45.46,53.74
bulgarian_07.mp4,1,baja_a_sube|sube_a_baja,baja_a_sube,sube_a_baja,81,141,2700,4700,61,61,70,145.73,45.23,53.59
bulgarian_07.mp4,1,baja_a_sube|sube_a_baja,baja_a_sube,sube_a_baja,81,141,2700,4700,61,61,71,147.3,45.01,53.43
bulgarian_07.mp4,1,baja_a_sube|sube_a_baja,baja_a_sube,sube_a_baja,81,141,2700,4700,61,61,72,148.87,44.79,53.27
bulgarian_07.mp4,1,baja_a_sube|sube_a_baja,baja_a_sube,sube_a_baja,81,141,2700,4700,61,61,73,150.45,44.58,53.11
bulgarian_07.mp4,1,baja_a_sube|sube_a_baja,baja_a_sube,sube_a_baja,81,141,2700,4700,61,61,74,152.0,44.39,52.91
bulgarian_07.mp4,1,baja_a_sube|sube_a_baja,baja_a_sube,sube_a_baja,81,141,2700,4700,61,61,75,153.55,44.21,52.71
bulgarian_07.mp4,1,baja_a_sube|sube_a_baja,baja_a_sube,sube_a_baja,81,141,2700,4700,61,61,76,155.03,44.05,52.5
bulgarian_07.mp4,1,baja_a_sube|sube_a_baja,baja_a_sube,sube_a_baja,81,141,2700,4700,61,61,77,156.46,43.89,52.29
bulgarian_07.mp4,1,baja_a_sube|sube_a_baja,baja_a_sube,sube_a_baja,81,141,2700,4700,61,61,78,157.83,43.75,52.09
bulgarian_07.mp4,1,baja_a_sube|sube_a_baja,baja_a_sube,sube_a_baja,81,141,2700,4700,61,61,79,159.1,43.62,51.88
bulgarian_07.mp4,1,baja_a_sube|sube_a_baja,baja_a_sube,sube_a_baja,81,141,2700,4700,61,61,80,160.32,43.49,51.68
bulgarian_07.mp4,1,baja_a_sube|sube_a_baja,baja_a_sube,sube_a_baja,81,141,2700,4700,61,61,81,161.38,43.39,51.48
bulgarian_07.mp4,1,baja_a_sube|sube_a_baja,baja_a_sube,sube_a_baja,81,141,2700,4700,61,61,82,162.39,43.29,51.28
bulgarian_07.mp4,1,baja_a_sube|sube_a_baja,baja_a_sube,sube_a_baja,81,141,2700,4700,61,61,83,163.31,43.21,51.07
bulgarian_07.mp4,1,baja_a_sube|sube_a_baja,baja_a_sube,sube_a_baja,81,141,2700,4700,61,61,84,164.12,43.14,50.87
bulgarian_07.mp4,1,baja_a_sube|sube_a_baja,baja_a_sube,sube_a_baja,81,141,2700,4700,61,61,85,164.88,43.07,50.67
bulgarian_07.mp4,1,baja_a_sube|sube_a_baja,baja_a_sube,sube_a_baja,81,141,2700,4700,61,61,86,165.51,43.01,50.49
bulgarian_07.mp4,1,baja_a_sube|sube_a_baja,baja_a_sube,sube_a_baja,81,141,2700,4700,61,61,87,166.1,42.96,50.31
bulgarian_07.mp4,1,baja_a_sube|sube_a_baja,baja_a_sube,sube_a_baja,81,141,2700,4700,61,61,88,166.61,42.91,50.14
bulgarian_07.mp4,1,baja_a_sube|sube_a_baja,baja_a_sube,sube_a_baja,81,141,2700,4700,61,61,89,167.05,42.88,49.96
bulgarian_07.mp4,1,baja_a_sube|sube_a_baja,baja_a_sube,sube_a_baja,81,141,2700,4700,61,61,90,167.46,42.84,49.78
bulgarian_07.mp4,1,baja_a_sube|sube_a_baja,baja_a_sube,sube_a_baja,81,141,2700,4700,61,61,91,167.78,42.82,49.6
bulgarian_07.mp4,1,baja_a_sube|sube_a_baja,baja_a_sube,sube_a_baja,81,141,2700,4700,61,61,92,168.06,42.8,49.42
bulgarian_07.mp4,1,baja_a_sube|sube_a_baja,baja_a_sube,sube_a_baja,81,141,2700,4700,61,61,93,168.29,42.78,49.26
bulgarian_07.mp4,1,baja_a_sube|sube_a_baja,baja_a_sube,sube_a_baja,81,141,2700,4700,61,61,94,168.47,42.77,49.1
bulgarian_07.mp4,1,baja_a_sube|sube_a_baja,baja_a_sube,sube_a_baja,81,141,2700,4700,61,61,95,168.63,42.76,48.95
bulgarian_07.mp4,1,baja_a_sube|sube_a_baja,baja_a_sube,sube_a_baja,81,141,2700,4700,61,61,96,168.71,42.76,48.82
bulgarian_07.mp4,1,baja_a_sube|sube_a_baja,baja_a_sube,sube_a_baja,81,141,2700,4700,61,61,97,168.76,42.77,48.71
bulgarian_07.mp4,1,baja_a_sube|sube_a_baja,baja_a_sube,sube_a_baja,81,141,2700,4700,61,61,98,168.74,42.78,48.64
bulgarian_07.mp4,1,baja_a_sube|sube_a_baja,baja_a_sube,sube_a_baja,81,141,2700,4700,61,61,99,168.55,42.81,48.54
bulgarian_07.mp4,1,baja_a_sube|sube_a_baja,baja_a_sube,sube_a_baja,81,141,2700,4700,61,61,100,168.29,42.85,48.44
bulgarian_07.mp4,2,sube_a_baja|baja_a_sube,sube_a_baja,baja_a_sube,141,214,4700,7133,74,74,0,168.29,42.85,48.44
bulgarian_07.mp4,2,sube_a_baja|baja_a_sube,sube_a_baja,baja_a_sube,141,214,4700,7133,74,74,1,167.63,42.92,48.41
bulgarian_07.mp4,2,sube_a_baja|baja_a_sube,sube_a_baja,baja_a_sube,141,214,4700,7133,74,74,2,166.69,43.01,48.42
bulgarian_07.mp4,2,sube_a_baja|baja_a_sube,sube_a_baja,baja_a_sube,141,214,4700,7133,74,74,3,165.49,43.1,48.49
bulgarian_07.mp4,2,sube_a_baja|baja_a_sube,sube_a_baja,baja_a_sube,141,214,4700,7133,74,74,4,163.99,43.23,48.63
bulgarian_07.mp4,2,sube_a_baja|baja_a_sube,sube_a_baja,baja_a_sube,141,214,4700,7133,74,74,5,162.15,43.38,48.81
bulgarian_07.mp4,2,sube_a_baja|baja_a_sube,sube_a_baja,baja_a_sube,141,214,4700,7133,74,74,6,160.08,43.55,48.96
bulgarian_07.mp4,2,sube_a_baja|baja_a_sube,sube_a_baja,baja_a_sube,141,214,4700,7133,74,74,7,157.83,43.74,49.05
bulgarian_07.mp4,2,sube_a_baja|baja_a_sube,sube_a_baja,baja_a_sube,141,214,4700,7133,74,74,8,155.48,43.94,49.06
bulgarian_07.mp4,2,sube_a_baja|baja_a_sube,sube_a_baja,baja_a_sube,141,214,4700,7133,74,74,9,153.05,44.14,49.08
bulgarian_07.mp4,2,sube_a_baja|baja_a_sube,sube_a_baja,baja_a_sube,141,214,4700,7133,74,74,10,150.6,44.35,49.12
bulgarian_07.mp4,2,sube_a_baja|baja_a_sube,sube_a_baja,baja_a_sube,141,214,4700,7133,74,74,11,148.13,44.57,49.15
bulgarian_07.mp4,2,sube_a_baja|baja_a_sube,sube_a_baja,baja_a_sube,141,214,4700,7133,74,74,12,145.74,44.82,49.12
bulgarian_07.mp4,2,sube_a_baja|baja_a_sube,sube_a_baja,baja_a_sube,141,214,4700,7133,74,74,13,143.39,45.08,49.09
bulgarian_07.mp4,2,sube_a_baja|baja_a_sube,sube_a_baja,baja_a_sube,141,214,4700,7133,74,74,14,141.11,45.36,49.07
bulgarian_07.mp4,2,sube_a_baja|baja_a_sube,sube_a_baja,baja_a_sube,141,214,4700,7133,74,74,15,138.98,45.65,49.06
bulgarian_07.mp4,2,sube_a_baja|baja_a_sube,sube_a_baja,baja_a_sube,141,214,4700,7133,74,74,16,136.99,45.96,49.03
bulgarian_07.mp4,2,sube_a_baja|baja_a_sube,sube_a_baja,baja_a_sube,141,214,4700,7133,74,74,17,135.14,46.27,49.02
bulgarian_07.mp4,2,sube_a_baja|baja_a_sube,sube_a_baja,baja_a_sube,141,214,4700,7133,74,74,18,133.42,46.56,49.03
bulgarian_07.mp4,2,sube_a_baja|baja_a_sube,sube_a_baja,baja_a_sube,141,214,4700,7133,74,74,19,131.85,46.84,49.01
bulgarian_07.mp4,2,sube_a_baja|baja_a_sube,sube_a_baja,baja_a_sube,141,214,4700,7133,74,74,20,130.4,47.11,49.11
bulgarian_07.mp4,2,sube_a_baja|baja_a_sube,sube_a_baja,baja_a_sube,141,214,4700,7133,74,74,21,129.05,47.35,49.35
bulgarian_07.mp4,2,sube_a_baja|baja_a_sube,sube_a_baja,baja_a_sube,141,214,4700,7133,74,74,22,127.8,47.58,49.73
bulgarian_07.mp4,2,sube_a_baja|baja_a_sube,sube_a_baja,baja_a_sube,141,214,4700,7133,74,74,23,126.67,47.77,50.25
bulgarian_07.mp4,2,sube_a_baja|baja_a_sube,sube_a_baja,baja_a_sube,141,214,4700,7133,74,74,24,125.62,47.95,50.81
bulgarian_07.mp4,2,sube_a_baja|baja_a_sube,sube_a_baja,baja_a_sube,141,214,4700,7133,74,74,25,124.63,48.12,51.42
bulgarian_07.mp4,2,sube_a_baja|baja_a_sube,sube_a_baja,baja_a_sube,141,214,4700,7133,74,74,26,123.69,48.25,52.08
bulgarian_07.mp4,2,sube_a_baja|baja_a_sube,sube_a_baja,baja_a_sube,141,214,4700,7133,74,74,27,122.71,48.36,52.8
bulgarian_07.mp4,2,sube_a_baja|baja_a_sube,sube_a_baja,baja_a_sube,141,214,4700,7133,74,74,28,121.72,48.48,53.52
bulgarian_07.mp4,2,sube_a_baja|baja_a_sube,sube_a_baja,baja_a_sube,141,214,4700,7133,74,74,29,120.72,48.61,54.25
bulgarian_07.mp4,2,sube_a_baja|baja_a_sube,sube_a_baja,baja_a_sube,141,214,4700,7133,74,74,30,119.66,48.72,54.95
bulgarian_07.mp4,2,sube_a_baja|baja_a_sube,sube_a_baja,baja_a_sube,141,214,4700,7133,74,74,31,118.54,48.83,55.59
bulgarian_07.mp4,2,sube_a_baja|baja_a_sube,sube_a_baja,baja_a_sube,141,214,4700,7133,74,74,32,117.38,48.94,56.18
bulgarian_07.mp4,2,sube_a_baja|baja_a_sube,sube_a_baja,baja_a_sube,141,214,4700,7133,74,74,33,116.16,49.04,56.71
bulgarian_07.mp4,2,sube_a_baja|baja_a_sube,sube_a_baja,baja_a_sube,141,214,4700,7133,74,74,34,114.86,49.14,57.18
bulgarian_07.mp4,2,sube_a_baja|baja_a_sube,sube_a_baja,baja_a_sube,141,214,4700,7133,74,74,35,113.53,49.25,57.56
bulgarian_07.mp4,2,sube_a_baja|baja_a_sube,sube_a_baja,baja_a_sube,141,214,4700,7133,74,74,36,112.16,49.35,57.86
bulgarian_07.mp4,2,sube_a_baja|baja_a_sube,sube_a_baja,baja_a_sube,141,214,4700,7133,74,74,37,110.75,49.46,58.08
bulgarian_07.mp4,2,sube_a_baja|baja_a_sube,sube_a_baja,baja_a_sube,141,214,4700,7133,74,74,38,109.27,49.56,58.24
bulgarian_07.mp4,2,sube_a_baja|baja_a_sube,sube_a_baja,baja_a_sube,141,214,4700,7133,74,74,39,107.71,49.67,58.38
bulgarian_07.mp4,2,sube_a_baja|baja_a_sube,sube_a_baja,baja_a_sube,141,214,4700,7133,74,74,40,106.08,49.78,58.5
bulgarian_07.mp4,2,sube_a_baja|baja_a_sube,sube_a_baja,baja_a_sube,141,214,4700,7133,74,74,41,104.41,49.88,58.63
bulgarian_07.mp4,2,sube_a_baja|baja_a_sube,sube_a_baja,baja_a_sube,141,214,4700,7133,74,74,42,102.77,49.98,58.75
bulgarian_07.mp4,2,sube_a_baja|baja_a_sube,sube_a_baja,baja_a_sube,141,214,4700,7133,74,74,43,101.14,50.07,58.86
bulgarian_07.mp4,2,sube_a_baja|baja_a_sube,sube_a_baja,baja_a_sube,141,214,4700,7133,74,74,44,99.53,50.17,58.96
bulgarian_07.mp4,2,sube_a_baja|baja_a_sube,sube_a_baja,baja_a_sube,141,214,4700,7133,74,74,45,97.97,50.25,58.99
bulgarian_07.mp4,2,sube_a_baja|baja_a_sube,sube_a_baja,baja_a_sube,141,214,4700,7133,74,74,46,96.47,50.3,59.06
bulgarian_07.mp4,2,sube_a_baja|baja_a_sube,sube_a_baja,baja_a_sube,141,214,4700,7133,74,74,47,95.01,50.35,59.13
bulgarian_07.mp4,2,sube_a_baja|baja_a_sube,sube_a_baja,baja_a_sube,141,214,4700,7133,74,74,48,93.6,50.38,59.19
bulgarian_07.mp4,2,sube_a_baja|baja_a_sube,sube_a_baja,baja_a_sube,141,214,4700,7133,74,74,49,92.28,50.39,59.24
bulgarian_07.mp4,2,sube_a_baja|baja_a_sube,sube_a_baja,baja_a_sube,141,214,4700,7133,74,74,50,91.02,50.38,59.3
bulgarian_07.mp4,2,sube_a_baja|baja_a_sube,sube_a_baja,baja_a_sube,141,214,4700,7133,74,74,51,89.82,50.35,59.36
bulgarian_07.mp4,2,sube_a_baja|baja_a_sube,sube_a_baja,baja_a_sube,141,214,4700,7133,74,74,52,88.67,50.31,59.44
bulgarian_07.mp4,2,sube_a_baja|baja_a_sube,sube_a_baja,baja_a_sube,141,214,4700,7133,74,74,53,87.6,50.25,59.52
bulgarian_07.mp4,2,sube_a_baja|baja_a_sube,sube_a_baja,baja_a_sube,141,214,4700,7133,74,74,54,86.59,50.18,59.6
bulgarian_07.mp4,2,sube_a_baja|baja_a_sube,sube_a_baja,baja_a_sube,141,214,4700,7133,74,74,55,85.65,50.09,59.68
bulgarian_07.mp4,2,sube_a_baja|baja_a_sube,sube_a_baja,baja_a_sube,141,214,4700,7133,74,74,56,84.8,50.0,59.77
bulgarian_07.mp4,2,sube_a_baja|baja_a_sube,sube_a_baja,baja_a_sube,141,214,4700,7133,74,74,57,84.03,49.89,59.86
bulgarian_07.mp4,2,sube_a_baja|baja_a_sube,sube_a_baja,baja_a_sube,141,214,4700,7133,74,74,58,83.29,49.77,59.96
bulgarian_07.mp4,2,sube_a_baja|baja_a_sube,sube_a_baja,baja_a_sube,141,214,4700,7133,74,74,59,82.59,49.65,60.08
bulgarian_07.mp4,2,sube_a_baja|baja_a_sube,sube_a_baja,baja_a_sube,141,214,4700,7133,74,74,60,81.94,49.52,60.19
bulgarian_07.mp4,2,sube_a_baja|baja_a_sube,sube_a_baja,baja_a_sube,141,214,4700,7133,74,74,61,81.32,49.37,60.31
bulgarian_07.mp4,2,sube_a_baja|baja_a_sube,sube_a_baja,baja_a_sube,141,214,4700,7133,74,74,62,80.74,49.23,60.43
bulgarian_07.mp4,2,sube_a_baja|baja_a_sube,sube_a_baja,baja_a_sube,141,214,4700,7133,74,74,63,80.19,49.09,60.53
bulgarian_07.mp4,2,sube_a_baja|baja_a_sube,sube_a_baja,baja_a_sube,141,214,4700,7133,74,74,64,79.69,48.97,60.58
bulgarian_07.mp4,2,sube_a_baja|baja_a_sube,sube_a_baja,baja_a_sube,141,214,4700,7133,74,74,65,79.22,48.86,60.63
bulgarian_07.mp4,2,sube_a_baja|baja_a_sube,sube_a_baja,baja_a_sube,141,214,4700,7133,74,74,66,78.78,48.75,60.66
bulgarian_07.mp4,2,sube_a_baja|baja_a_sube,sube_a_baja,baja_a_sube,141,214,4700,7133,74,74,67,78.35,48.66,60.68
bulgarian_07.mp4,2,sube_a_baja|baja_a_sube,sube_a_baja,baja_a_sube,141,214,4700,7133,74,74,68,77.95,48.59,60.65
bulgarian_07.mp4,2,sube_a_baja|baja_a_sube,sube_a_baja,baja_a_sube,141,214,4700,7133,74,74,69,77.54,48.52,60.59
bulgarian_07.mp4,2,sube_a_baja|baja_a_sube,sube_a_baja,baja_a_sube,141,214,4700,7133,74,74,70,77.14,48.46,60.49
bulgarian_07.mp4,2,sube_a_baja|baja_a_sube,sube_a_baja,baja_a_sube,141,214,4700,7133,74,74,71,76.73,48.41,60.36
bulgarian_07.mp4,2,sube_a_baja|baja_a_sube,sube_a_baja,baja_a_sube,141,214,4700,7133,74,74,72,76.34,48.37,60.21
bulgarian_07.mp4,2,sube_a_baja|baja_a_sube,sube_a_baja,baja_a_sube,141,214,4700,7133,74,74,73,75.94,48.33,60.05
bulgarian_07.mp4,2,sube_a_baja|baja_a_sube,sube_a_baja,baja_a_sube,141,214,4700,7133,74,74,74,75.5,48.29,59.9
bulgarian_07.mp4,2,sube_a_baja|baja_a_sube,sube_a_baja,baja_a_sube,141,214,4700,7133,74,74,75,75.05,48.26,59.76
bulgarian_07.mp4,2,sube_a_baja|baja_a_sube,sube_a_baja,baja_a_sube,141,214,4700,7133,74,74,76,74.61,48.23,59.64
bulgarian_07.mp4,2,sube_a_baja|baja_a_sube,sube_a_baja,baja_a_sube,141,214,4700,7133,74,74,77,74.19,48.2,59.53
bulgarian_07.mp4,2,sube_a_baja|baja_a_sube,sube_a_baja,baja_a_sube,141,214,4700,7133,74,74,78,73.8,48.18,59.44
bulgarian_07.mp4,2,sube_a_baja|baja_a_sube,sube_a_baja,baja_a_sube,141,214,4700,7133,74,74,79,73.45,48.15,59.39
bulgarian_07.mp4,2,sube_a_baja|baja_a_sube,sube_a_baja,baja_a_sube,141,214,4700,7133,74,74,80,73.11,48.13,59.36
bulgarian_07.mp4,2,sube_a_baja|baja_a_sube,sube_a_baja,baja_a_sube,141,214,4700,7133,74,74,81,72.79,48.12,59.35
bulgarian_07.mp4,2,sube_a_baja|baja_a_sube,sube_a_baja,baja_a_sube,141,214,4700,7133,74,74,82,72.46,48.09,59.35
bulgarian_07.mp4,2,sube_a_baja|baja_a_sube,sube_a_baja,baja_a_sube,141,214,4700,7133,74,74,83,72.13,48.07,59.37
bulgarian_07.mp4,2,sube_a_baja|baja_a_sube,sube_a_baja,baja_a_sube,141,214,4700,7133,74,74,84,71.8,48.05,59.39
bulgarian_07.mp4,2,sube_a_baja|baja_a_sube,sube_a_baja,baja_a_sube,141,214,4700,7133,74,74,85,71.46,48.03,59.42
bulgarian_07.mp4,2,sube_a_baja|baja_a_sube,sube_a_baja,baja_a_sube,141,214,4700,7133,74,74,86,71.11,48.01,59.47
bulgarian_07.mp4,2,sube_a_baja|baja_a_sube,sube_a_baja,baja_a_sube,141,214,4700,7133,74,74,87,70.78,47.99,59.51
bulgarian_07.mp4,2,sube_a_baja|baja_a_sube,sube_a_baja,baja_a_sube,141,214,4700,7133,74,74,88,70.45,47.98,59.55
bulgarian_07.mp4,2,sube_a_baja|baja_a_sube,sube_a_baja,baja_a_sube,141,214,4700,7133,74,74,89,70.14,47.96,59.6
bulgarian_07.mp4,2,sube_a_baja|baja_a_sube,sube_a_baja,baja_a_sube,141,214,4700,7133,74,74,90,69.86,47.95,59.63
bulgarian_07.mp4,2,sube_a_baja|baja_a_sube,sube_a_baja,baja_a_sube,141,214,4700,7133,74,74,91,69.59,47.94,59.66
bulgarian_07.mp4,2,sube_a_baja|baja_a_sube,sube_a_baja,baja_a_sube,141,214,4700,7133,74,74,92,69.33,47.94,59.68
bulgarian_07.mp4,2,sube_a_baja|baja_a_sube,sube_a_baja,baja_a_sube,141,214,4700,7133,74,74,93,69.11,47.94,59.69
bulgarian_07.mp4,2,sube_a_baja|baja_a_sube,sube_a_baja,baja_a_sube,141,214,4700,7133,74,74,94,68.91,47.95,59.67
bulgarian_07.mp4,2,sube_a_baja|baja_a_sube,sube_a_baja,baja_a_sube,141,214,4700,7133,74,74,95,68.74,47.96,59.65
bulgarian_07.mp4,2,sube_a_baja|baja_a_sube,sube_a_baja,baja_a_sube,141,214,4700,7133,74,74,96,68.6,47.97,59.61
bulgarian_07.mp4,2,sube_a_baja|baja_a_sube,sube_a_baja,baja_a_sube,141,214,4700,7133,74,74,97,68.53,48.0,59.56
bulgarian_07.mp4,2,sube_a_baja|baja_a_sube,sube_a_baja,baja_a_sube,141,214,4700,7133,74,74,98,68.6,48.07,59.46
bulgarian_07.mp4,2,sube_a_baja|baja_a_sube,sube_a_baja,baja_a_sube,141,214,4700,7133,74,74,99,68.79,48.16,59.36
bulgarian_07.mp4,2,sube_a_baja|baja_a_sube,sube_a_baja,baja_a_sube,141,214,4700,7133,74,74,100,69.12,48.25,59.27
bulgarian_07.mp4,3,baja_a_sube|sube_a_baja,baja_a_sube,sube_a_baja,214,274,7133,9133,61,61,0,69.12,48.25,59.27
bulgarian_07.mp4,3,baja_a_sube|sube_a_baja,baja_a_sube,sube_a_baja,214,274,7133,9133,61,61,1,69.53,48.33,59.2
bulgarian_07.mp4,3,baja_a_sube|sube_a_baja,baja_a_sube,sube_a_baja,214,274,7133,9133,61,61,2,69.99,48.42,59.12
bulgarian_07.mp4,3,baja_a_sube|sube_a_baja,baja_a_sube,sube_a_baja,214,274,7133,9133,61,61,3,70.52,48.51,59.04
bulgarian_07.mp4,3,baja_a_sube|sube_a_baja,baja_a_sube,sube_a_baja,214,274,7133,9133,61,61,4,71.08,48.6,58.98
bulgarian_07.mp4,3,baja_a_sube|sube_a_baja,baja_a_sube,sube_a_baja,214,274,7133,9133,61,61,5,71.65,48.69,58.94
bulgarian_07.mp4,3,baja_a_sube|sube_a_baja,baja_a_sube,sube_a_baja,214,274,7133,9133,61,61,6,72.25,48.76,58.9
bulgarian_07.mp4,3,baja_a_sube|sube_a_baja,baja_a_sube,sube_a_baja,214,274,7133,9133,61,61,7,72.86,48.82,58.87
bulgarian_07.mp4,3,baja_a_sube|sube_a_baja,baja_a_sube,sube_a_baja,214,274,7133,9133,61,61,8,73.48,48.87,58.86
bulgarian_07.mp4,3,baja_a_sube|sube_a_baja,baja_a_sube,sube_a_baja,214,274,7133,9133,61,61,9,74.13,48.93,58.82
bulgarian_07.mp4,3,baja_a_sube|sube_a_baja,baja_a_sube,sube_a_baja,214,274,7133,9133,61,61,10,74.78,48.98,58.77
bulgarian_07.mp4,3,baja_a_sube|sube_a_baja,baja_a_sube,sube_a_baja,214,274,7133,9133,61,61,11,75.46,49.0,58.7
bulgarian_07.mp4,3,baja_a_sube|sube_a_baja,baja_a_sube,sube_a_baja,214,274,7133,9133,61,61,12,76.13,49.03,58.63
bulgarian_07.mp4,3,baja_a_sube|sube_a_baja,baja_a_sube,sube_a_baja,214,274,7133,9133,61,61,13,76.81,49.05,58.55
bulgarian_07.mp4,3,baja_a_sube|sube_a_baja,baja_a_sube,sube_a_baja,214,274,7133,9133,61,61,14,77.56,49.08,58.44
bulgarian_07.mp4,3,baja_a_sube|sube_a_baja,baja_a_sube,sube_a_baja,214,274,7133,9133,61,61,15,78.36,49.12,58.31
bulgarian_07.mp4,3,baja_a_sube|sube_a_baja,baja_a_sube,sube_a_baja,214,274,7133,9133,61,61,16,79.3,49.16,58.14
bulgarian_07.mp4,3,baja_a_sube|sube_a_baja,baja_a_sube,sube_a_baja,214,274,7133,9133,61,61,17,80.32,49.2,57.98
bulgarian_07.mp4,3,baja_a_sube|sube_a_baja,baja_a_sube,sube_a_baja,214,274,7133,9133,61,61,18,81.48,49.25,57.87
bulgarian_07.mp4,3,baja_a_sube|sube_a_baja,baja_a_sube,sube_a_baja,214,274,7133,9133,61,61,19,82.78,49.29,57.75
bulgarian_07.mp4,3,baja_a_sube|sube_a_baja,baja_a_sube,sube_a_baja,214,274,7133,9133,61,61,20,84.14,49.34,57.63
bulgarian_07.mp4,3,baja_a_sube|sube_a_baja,baja_a_sube,sube_a_baja,214,274,7133,9133,61,61,21,85.57,49.36,57.56
bulgarian_07.mp4,3,baja_a_sube|sube_a_baja,baja_a_sube,sube_a_baja,214,274,7133,9133,61,61,22,87.01,49.37,57.51
bulgarian_07.mp4,3,baja_a_sube|sube_a_baja,baja_a_sube,sube_a_baja,214,274,7133,9133,61,61,23,88.48,49.36,57.47
bulgarian_07.mp4,3,baja_a_sube|sube_a_baja,baja_a_sube,sube_a_baja,214,274,7133,9133,61,61,24,89.98,49.36,57.42
bulgarian_07.mp4,3,baja_a_sube|sube_a_baja,baja_a_sube,sube_a_baja,214,274,7133,9133,61,61,25,91.5,49.35,57.36
bulgarian_07.mp4,3,baja_a_sube|sube_a_baja,baja_a_sube,sube_a_baja,214,274,7133,9133,61,61,26,93.09,49.32,57.28
bulgarian_07.mp4,3,baja_a_sube|sube_a_baja,baja_a_sube,sube_a_baja,214,274,7133,9133,61,61,27,94.69,49.28,57.2
bulgarian_07.mp4,3,baja_a_sube|sube_a_baja,baja_a_sube,sube_a_baja,214,274,7133,9133,61,61,28,96.33,49.23,57.13
bulgarian_07.mp4,3,baja_a_sube|sube_a_baja,baja_a_sube,sube_a_baja,214,274,7133,9133,61,61,29,97.92,49.15,57.09
bulgarian_07.mp4,3,baja_a_sube|sube_a_baja,baja_a_sube,sube_a_baja,214,274,7133,9133,61,61,30,99.5,49.07,57.06
bulgarian_07.mp4,3,baja_a_sube|sube_a_baja,baja_a_sube,sube_a_baja,214,274,7133,9133,61,61,31,101.06,48.95,57.01
bulgarian_07.mp4,3,baja_a_sube|sube_a_baja,baja_a_sube,sube_a_baja,214,274,7133,9133,61,61,32,102.61,48.82,56.96
bulgarian_07.mp4,3,baja_a_sube|sube_a_baja,baja_a_sube,sube_a_baja,214,274,7133,9133,61,61,33,104.14,48.67,56.92
bulgarian_07.mp4,3,baja_a_sube|sube_a_baja,baja_a_sube,sube_a_baja,214,274,7133,9133,61,61,34,105.62,48.5,56.88
bulgarian_07.mp4,3,baja_a_sube|sube_a_baja,baja_a_sube,sube_a_baja,214,274,7133,9133,61,61,35,107.07,48.31,56.83
bulgarian_07.mp4,3,baja_a_sube|sube_a_baja,baja_a_sube,sube_a_baja,214,274,7133,9133,61,61,36,108.4,48.12,56.77
bulgarian_07.mp4,3,baja_a_sube|sube_a_baja,baja_a_sube,sube_a_baja,214,274,7133,9133,61,61,37,109.68,47.92,56.7
bulgarian_07.mp4,3,baja_a_sube|sube_a_baja,baja_a_sube,sube_a_baja,214,274,7133,9133,61,61,38,110.85,47.73,56.63
bulgarian_07.mp4,3,baja_a_sube|sube_a_baja,baja_a_sube,sube_a_baja,214,274,7133,9133,61,61,39,111.92,47.54,56.55
bulgarian_07.mp4,3,baja_a_sube|sube_a_baja,baja_a_sube,sube_a_baja,214,274,7133,9133,61,61,40,112.94,47.35,56.47
bulgarian_07.mp4,3,baja_a_sube|sube_a_baja,baja_a_sube,sube_a_baja,214,274,7133,9133,61,61,41,113.85,47.18,56.4
bulgarian_07.mp4,3,baja_a_sube|sube_a_baja,baja_a_sube,sube_a_baja,214,274,7133,9133,61,61,42,114.73,47.01,56.33
bulgarian_07.mp4,3,baja_a_sube|sube_a_baja,baja_a_sube,sube_a_baja,214,274,7133,9133,61,61,43,115.53,46.84,56.28
bulgarian_07.mp4,3,baja_a_sube|sube_a_baja,baja_a_sube,sube_a_baja,214,274,7133,9133,61,61,44,116.28,46.69,56.24
bulgarian_07.mp4,3,baja_a_sube|sube_a_baja,baja_a_sube,sube_a_baja,214,274,7133,9133,61,61,45,117.0,46.55,56.22
bulgarian_07.mp4,3,baja_a_sube|sube_a_baja,baja_a_sube,sube_a_baja,214,274,7133,9133,61,61,46,117.63,46.41,56.22
bulgarian_07.mp4,3,baja_a_sube|sube_a_baja,baja_a_sube,sube_a_baja,214,274,7133,9133,61,61,47,118.23,46.27,56.21
bulgarian_07.mp4,3,baja_a_sube|sube_a_baja,baja_a_sube,sube_a_baja,214,274,7133,9133,61,61,48,118.75,46.13,56.2
bulgarian_07.mp4,3,baja_a_sube|sube_a_baja,baja_a_sube,sube_a_baja,214,274,7133,9133,61,61,49,119.29,45.99,56.16
bulgarian_07.mp4,3,baja_a_sube|sube_a_baja,baja_a_sube,sube_a_baja,214,274,7133,9133,61,61,50,119.83,45.85,56.11
bulgarian_07.mp4,3,baja_a_sube|sube_a_baja,baja_a_sube,sube_a_baja,214,274,7133,9133,61,61,51,120.46,45.7,56.02
bulgarian_07.mp4,3,baja_a_sube|sube_a_baja,baja_a_sube,sube_a_baja,214,274,7133,9133,61,61,52,121.13,45.55,55.92
bulgarian_07.mp4,3,baja_a_sube|sube_a_baja,baja_a_sube,sube_a_baja,214,274,7133,9133,61,61,53,121.89,45.39,55.82
bulgarian_07.mp4,3,baja_a_sube|sube_a_baja,baja_a_sube,sube_a_baja,214,274,7133,9133,61,61,54,122.68,45.23,55.7
bulgarian_07.mp4,3,baja_a_sube|sube_a_baja,baja_a_sube,sube_a_baja,214,274,7133,9133,61,61,55,123.48,45.07,55.58
bulgarian_07.mp4,3,baja_a_sube|sube_a_baja,baja_a_sube,sube_a_baja,214,274,7133,9133,61,61,56,124.37,44.91,55.44
bulgarian_07.mp4,3,baja_a_sube|sube_a_baja,baja_a_sube,sube_a_baja,214,274,7133,9133,61,61,57,125.29,44.75,55.31
bulgarian_07.mp4,3,baja_a_sube|sube_a_baja,baja_a_sube,sube_a_baja,214,274,7133,9133,61,61,58,126.28,44.59,55.21
bulgarian_07.mp4,3,baja_a_sube|sube_a_baja,baja_a_sube,sube_a_baja,214,274,7133,9133,61,61,59,127.3,44.43,55.1
bulgarian_07.mp4,3,baja_a_sube|sube_a_baja,baja_a_sube,sube_a_baja,214,274,7133,9133,61,61,60,128.34,44.26,55.0
bulgarian_07.mp4,3,baja_a_sube|sube_a_baja,baja_a_sube,sube_a_baja,214,274,7133,9133,61,61,61,129.56,44.07,54.88
bulgarian_07.mp4,3,baja_a_sube|sube_a_baja,baja_a_sube,sube_a_baja,214,274,7133,9133,61,61,62,130.83,43.87,54.75
bulgarian_07.mp4,3,baja_a_sube|sube_a_baja,baja_a_sube,sube_a_baja,214,274,7133,9133,61,61,63,132.22,43.68,54.61
bulgarian_07.mp4,3,baja_a_sube|sube_a_baja,baja_a_sube,sube_a_baja,214,274,7133,9133,61,61,64,133.7,43.47,54.45
bulgarian_07.mp4,3,baja_a_sube|sube_a_baja,baja_a_sube,sube_a_baja,214,274,7133,9133,61,61,65,135.24,43.27,54.28
bulgarian_07.mp4,3,baja_a_sube|sube_a_baja,baja_a_sube,sube_a_baja,214,274,7133,9133,61,61,66,136.93,43.05,54.12
bulgarian_07.mp4,3,baja_a_sube|sube_a_baja,baja_a_sube,sube_a_baja,214,274,7133,9133,61,61,67,138.64,42.84,53.96
bulgarian_07.mp4,3,baja_a_sube|sube_a_baja,baja_a_sube,sube_a_baja,214,274,7133,9133,61,61,68,140.4,42.61,53.81
bulgarian_07.mp4,3,baja_a_sube|sube_a_baja,baja_a_sube,sube_a_baja,214,274,7133,9133,61,61,69,142.18,42.4,53.64
bulgarian_07.mp4,3,baja_a_sube|sube_a_baja,baja_a_sube,sube_a_baja,214,274,7133,9133,61,61,70,143.98,42.19,53.45
bulgarian_07.mp4,3,baja_a_sube|sube_a_baja,baja_a_sube,sube_a_baja,214,274,7133,9133,61,61,71,145.77,41.99,53.22
bulgarian_07.mp4,3,baja_a_sube|sube_a_baja,baja_a_sube,sube_a_baja,214,274,7133,9133,61,61,72,147.52,41.8,52.99
bulgarian_07.mp4,3,baja_a_sube|sube_a_baja,baja_a_sube,sube_a_baja,214,274,7133,9133,61,61,73,149.22,41.61,52.75
bulgarian_07.mp4,3,baja_a_sube|sube_a_baja,baja_a_sube,sube_a_baja,214,274,7133,9133,61,61,74,150.85,41.43,52.52
bulgarian_07.mp4,3,baja_a_sube|sube_a_baja,baja_a_sube,sube_a_baja,214,274,7133,9133,61,61,75,152.45,41.25,52.29
bulgarian_07.mp4,3,baja_a_sube|sube_a_baja,baja_a_sube,sube_a_baja,214,274,7133,9133,61,61,76,153.91,41.07,52.06
bulgarian_07.mp4,3,baja_a_sube|sube_a_baja,baja_a_sube,sube_a_baja,214,274,7133,9133,61,61,77,155.32,40.89,51.82
bulgarian_07.mp4,3,baja_a_sube|sube_a_baja,baja_a_sube,sube_a_baja,214,274,7133,9133,61,61,78,156.61,40.72,51.59
bulgarian_07.mp4,3,baja_a_sube|sube_a_baja,baja_a_sube,sube_a_baja,214,274,7133,9133,61,61,79,157.8,40.55,51.35
bulgarian_07.mp4,3,baja_a_sube|sube_a_baja,baja_a_sube,sube_a_baja,214,274,7133,9133,61,61,80,158.95,40.38,51.12
bulgarian_07.mp4,3,baja_a_sube|sube_a_baja,baja_a_sube,sube_a_baja,214,274,7133,9133,61,61,81,159.95,40.23,50.91
bulgarian_07.mp4,3,baja_a_sube|sube_a_baja,baja_a_sube,sube_a_baja,214,274,7133,9133,61,61,82,160.91,40.09,50.71
bulgarian_07.mp4,3,baja_a_sube|sube_a_baja,baja_a_sube,sube_a_baja,214,274,7133,9133,61,61,83,161.78,39.96,50.53
bulgarian_07.mp4,3,baja_a_sube|sube_a_baja,baja_a_sube,sube_a_baja,214,274,7133,9133,61,61,84,162.56,39.85,50.37
bulgarian_07.mp4,3,baja_a_sube|sube_a_baja,baja_a_sube,sube_a_baja,214,274,7133,9133,61,61,85,163.29,39.75,50.21
bulgarian_07.mp4,3,baja_a_sube|sube_a_baja,baja_a_sube,sube_a_baja,214,274,7133,9133,61,61,86,163.88,39.67,50.08
bulgarian_07.mp4,3,baja_a_sube|sube_a_baja,baja_a_sube,sube_a_baja,214,274,7133,9133,61,61,87,164.44,39.59,49.96
bulgarian_07.mp4,3,baja_a_sube|sube_a_baja,baja_a_sube,sube_a_baja,214,274,7133,9133,61,61,88,164.91,39.52,49.85
bulgarian_07.mp4,3,baja_a_sube|sube_a_baja,baja_a_sube,sube_a_baja,214,274,7133,9133,61,61,89,165.3,39.46,49.77
bulgarian_07.mp4,3,baja_a_sube|sube_a_baja,baja_a_sube,sube_a_baja,214,274,7133,9133,61,61,90,165.65,39.41,49.69
bulgarian_07.mp4,3,baja_a_sube|sube_a_baja,baja_a_sube,sube_a_baja,214,274,7133,9133,61,61,91,165.9,39.37,49.67
bulgarian_07.mp4,3,baja_a_sube|sube_a_baja,baja_a_sube,sube_a_baja,214,274,7133,9133,61,61,92,166.12,39.34,49.65
bulgarian_07.mp4,3,baja_a_sube|sube_a_baja,baja_a_sube,sube_a_baja,214,274,7133,9133,61,61,93,166.29,39.31,49.65
bulgarian_07.mp4,3,baja_a_sube|sube_a_baja,baja_a_sube,sube_a_baja,214,274,7133,9133,61,61,94,166.38,39.28,49.67
bulgarian_07.mp4,3,baja_a_sube|sube_a_baja,baja_a_sube,sube_a_baja,214,274,7133,9133,61,61,95,166.43,39.26,49.7
bulgarian_07.mp4,3,baja_a_sube|sube_a_baja,baja_a_sube,sube_a_baja,214,274,7133,9133,61,61,96,166.4,39.25,49.75
bulgarian_07.mp4,3,baja_a_sube|sube_a_baja,baja_a_sube,sube_a_baja,214,274,7133,9133,61,61,97,166.34,39.25,49.81
bulgarian_07.mp4,3,baja_a_sube|sube_a_baja,baja_a_sube,sube_a_baja,214,274,7133,9133,61,61,98,166.2,39.27,49.87
bulgarian_07.mp4,3,baja_a_sube|sube_a_baja,baja_a_sube,sube_a_baja,214,274,7133,9133,61,61,99,166.01,39.3,49.93
bulgarian_07.mp4,3,baja_a_sube|sube_a_baja,baja_a_sube,sube_a_baja,214,274,7133,9133,61,61,100,165.78,39.34,49.98
bulgarian_07.mp4,4,sube_a_baja|baja_a_sube,sube_a_baja,baja_a_sube,274,363,9133,12100,90,90,0,165.78,39.34,49.98
bulgarian_07.mp4,4,sube_a_baja|baja_a_sube,sube_a_baja,baja_a_sube,274,363,9133,12100,90,90,1,165.31,39.44,50.05
bulgarian_07.mp4,4,sube_a_baja|baja_a_sube,sube_a_baja,baja_a_sube,274,363,9133,12100,90,90,2,164.69,39.57,50.11
bulgarian_07.mp4,4,sube_a_baja|baja_a_sube,sube_a_baja,baja_a_sube,274,363,9133,12100,90,90,3,163.97,39.72,50.15
bulgarian_07.mp4,4,sube_a_baja|baja_a_sube,sube_a_baja,baja_a_sube,274,363,9133,12100,90,90,4,163.17,39.89,50.16
bulgarian_07.mp4,4,sube_a_baja|baja_a_sube,sube_a_baja,baja_a_sube,274,363,9133,12100,90,90,5,162.28,40.08,50.13
bulgarian_07.mp4,4,sube_a_baja|baja_a_sube,sube_a_baja,baja_a_sube,274,363,9133,12100,90,90,6,161.34,40.29,50.08
bulgarian_07.mp4,4,sube_a_baja|baja_a_sube,sube_a_baja,baja_a_sube,274,363,9133,12100,90,90,7,160.38,40.49,50.01
bulgarian_07.mp4,4,sube_a_baja|baja_a_sube,sube_a_baja,baja_a_sube,274,363,9133,12100,90,90,8,159.41,40.66,49.94
bulgarian_07.mp4,4,sube_a_baja|baja_a_sube,sube_a_baja,baja_a_sube,274,363,9133,12100,90,90,9,158.36,40.83,49.91
bulgarian_07.mp4,4,sube_a_baja|baja_a_sube,sube_a_baja,baja_a_sube,274,363,9133,12100,90,90,10,157.0,40.99,49.95
bulgarian_07.mp4,4,sube_a_baja|baja_a_sube,sube_a_baja,baja_a_sube,274,363,9133,12100,90,90,11,155.38,41.15,50.08
bulgarian_07.mp4,4,sube_a_baja|baja_a_sube,sube_a_baja,baja_a_sube,274,363,9133,12100,90,90,12,153.49,41.31,50.32
bulgarian_07.mp4,4,sube_a_baja|baja_a_sube,sube_a_baja,baja_a_sube,274,363,9133,12100,90,90,13,151.38,41.49,50.56
bulgarian_07.mp4,4,sube_a_baja|baja_a_sube,sube_a_baja,baja_a_sube,274,363,9133,12100,90,90,14,149.1,41.69,50.72
bulgarian_07.mp4,4,sube_a_baja|baja_a_sube,sube_a_baja,baja_a_sube,274,363,9133,12100,90,90,15,146.7,41.91,50.83
bulgarian_07.mp4,4,sube_a_baja|baja_a_sube,sube_a_baja,baja_a_sube,274,363,9133,12100,90,90,16,144.28,42.17,50.95
bulgarian_07.mp4,4,sube_a_baja|baja_a_sube,sube_a_baja,baja_a_sube,274,363,9133,12100,90,90,17,141.86,42.46,51.11
bulgarian_07.mp4,4,sube_a_baja|baja_a_sube,sube_a_baja,baja_a_sube,274,363,9133,12100,90,90,18,139.35,42.77,51.24
bulgarian_07.mp4,4,sube_a_baja|baja_a_sube,sube_a_baja,baja_a_sube,274,363,9133,12100,90,90,19,136.83,43.1,51.28
bulgarian_07.mp4,4,sube_a_baja|baja_a_sube,sube_a_baja,baja_a_sube,274,363,9133,12100,90,90,20,134.43,43.43,51.37
bulgarian_07.mp4,4,sube_a_baja|baja_a_sube,sube_a_baja,baja_a_sube,274,363,9133,12100,90,90,21,132.11,43.78,51.52
bulgarian_07.mp4,4,sube_a_baja|baja_a_sube,sube_a_baja,baja_a_sube,274,363,9133,12100,90,90,22,129.93,44.12,51.71
bulgarian_07.mp4,4,sube_a_baja|baja_a_sube,sube_a_baja,baja_a_sube,274,363,9133,12100,90,90,23,127.91,44.46,51.94
bulgarian_07.mp4,4,sube_a_baja|baja_a_sube,sube_a_baja,baja_a_sube,274,363,9133,12100,90,90,24,126.04,44.79,52.23
bulgarian_07.mp4,4,sube_a_baja|baja_a_sube,sube_a_baja,baja_a_sube,274,363,9133,12100,90,90,25,124.31,45.09,52.63
bulgarian_07.mp4,4,sube_a_baja|baja_a_sube,sube_a_baja,baja_a_sube,274,363,9133,12100,90,90,26,122.7,45.39,53.12
bulgarian_07.mp4,4,sube_a_baja|baja_a_sube,sube_a_baja,baja_a_sube,274,363,9133,12100,90,90,27,121.16,45.7,53.59
bulgarian_07.mp4,4,sube_a_baja|baja_a_sube,sube_a_baja,baja_a_sube,274,363,9133,12100,90,90,28,119.68,46.03,54.08
bulgarian_07.mp4,4,sube_a_baja|baja_a_sube,sube_a_baja,baja_a_sube,274,363,9133,12100,90,90,29,118.23,46.34,54.48
bulgarian_07.mp4,4,sube_a_baja|baja_a_sube,sube_a_baja,baja_a_sube,274,363,9133,12100,90,90,30,116.71,46.63,54.9
bulgarian_07.mp4,4,sube_a_baja|baja_a_sube,sube_a_baja,baja_a_sube,274,363,9133,12100,90,90,31,115.16,46.93,55.27
bulgarian_07.mp4,4,sube_a_baja|baja_a_sube,sube_a_baja,baja_a_sube,274,363,9133,12100,90,90,32,113.53,47.24,55.58
bulgarian_07.mp4,4,sube_a_baja|baja_a_sube,sube_a_baja,baja_a_sube,274,363,9133,12100,90,90,33,111.76,47.54,55.82
bulgarian_07.mp4,4,sube_a_baja|baja_a_sube,sube_a_baja,baja_a_sube,274,363,9133,12100,90,90,34,109.83,47.83,55.99
bulgarian_07.mp4,4,sube_a_baja|baja_a_sube,sube_a_baja,baja_a_sube,274,363,9133,12100,90,90,35,107.78,48.09,56.12
bulgarian_07.mp4,4,sube_a_baja|baja_a_sube,sube_a_baja,baja_a_sube,274,363,9133,12100,90,90,36,105.63,48.33,56.2
bulgarian_07.mp4,4,sube_a_baja|baja_a_sube,sube_a_baja,baja_a_sube,274,363,9133,12100,90,90,37,103.46,48.53,56.23
bulgarian_07.mp4,4,sube_a_baja|baja_a_sube,sube_a_baja,baja_a_sube,274,363,9133,12100,90,90,38,101.25,48.72,56.21
bulgarian_07.mp4,4,sube_a_baja|baja_a_sube,sube_a_baja,baja_a_sube,274,363,9133,12100,90,90,39,99.06,48.89,56.22
bulgarian_07.mp4,4,sube_a_baja|baja_a_sube,sube_a_baja,baja_a_sube,274,363,9133,12100,90,90,40,96.95,49.04,56.24
bulgarian_07.mp4,4,sube_a_baja|baja_a_sube,sube_a_baja,baja_a_sube,274,363,9133,12100,90,90,41,94.93,49.17,56.31
bulgarian_07.mp4,4,sube_a_baja|baja_a_sube,sube_a_baja,baja_a_sube,274,363,9133,12100,90,90,42,93.05,49.26,56.4
bulgarian_07.mp4,4,sube_a_baja|baja_a_sube,sube_a_baja,baja_a_sube,274,363,9133,12100,90,90,43,91.32,49.33,56.49
bulgarian_07.mp4,4,sube_a_baja|baja_a_sube,sube_a_baja,baja_a_sube,274,363,9133,12100,90,90,44,89.71,49.35,56.64
bulgarian_07.mp4,4,sube_a_baja|baja_a_sube,sube_a_baja,baja_a_sube,274,363,9133,12100,90,90,45,88.23,49.33,56.84
bulgarian_07.mp4,4,sube_a_baja|baja_a_sube,sube_a_baja,baja_a_sube,274,363,9133,12100,90,90,46,86.84,49.26,57.05
bulgarian_07.mp4,4,sube_a_baja|baja_a_sube,sube_a_baja,baja_a_sube,274,363,9133,12100,90,90,47,85.6,49.22,57.25
bulgarian_07.mp4,4,sube_a_baja|baja_a_sube,sube_a_baja,baja_a_sube,274,363,9133,12100,90,90,48,84.47,49.2,57.43
bulgarian_07.mp4,4,sube_a_baja|baja_a_sube,sube_a_baja,baja_a_sube,274,363,9133,12100,90,90,49,83.48,49.15,57.63
bulgarian_07.mp4,4,sube_a_baja|baja_a_sube,sube_a_baja,baja_a_sube,274,363,9133,12100,90,90,50,82.59,49.09,57.83
bulgarian_07.mp4,4,sube_a_baja|baja_a_sube,sube_a_baja,baja_a_sube,274,363,9133,12100,90,90,51,81.76,49.03,58.01
bulgarian_07.mp4,4,sube_a_baja|baja_a_sube,sube_a_baja,baja_a_sube,274,363,9133,12100,90,90,52,80.97,49.0,58.14
bulgarian_07.mp4,4,sube_a_baja|baja_a_sube,sube_a_baja,baja_a_sube,274,363,9133,12100,90,90,53,80.17,49.0,58.2
bulgarian_07.mp4,4,sube_a_baja|baja_a_sube,sube_a_baja,baja_a_sube,274,363,9133,12100,90,90,54,79.35,49.02,58.2
bulgarian_07.mp4,4,sube_a_baja|baja_a_sube,sube_a_baja,baja_a_sube,274,363,9133,12100,90,90,55,78.47,49.03,58.16
bulgarian_07.mp4,4,sube_a_baja|baja_a_sube,sube_a_baja,baja_a_sube,274,363,9133,12100,90,90,56,77.61,49.05,58.09
bulgarian_07.mp4,4,sube_a_baja|baja_a_sube,sube_a_baja,baja_a_sube,274,363,9133,12100,90,90,57,76.73,49.04,57.99
bulgarian_07.mp4,4,sube_a_baja|baja_a_sube,sube_a_baja,baja_a_sube,274,363,9133,12100,90,90,58,75.87,49.02,57.89
bulgarian_07.mp4,4,sube_a_baja|baja_a_sube,sube_a_baja,baja_a_sube,274,363,9133,12100,90,90,59,75.03,48.98,57.78
bulgarian_07.mp4,4,sube_a_baja|baja_a_sube,sube_a_baja,baja_a_sube,274,363,9133,12100,90,90,60,74.22,48.92,57.68
bulgarian_07.mp4,4,sube_a_baja|baja_a_sube,sube_a_baja,baja_a_sube,274,363,9133,12100,90,90,61,73.47,48.86,57.6
bulgarian_07.mp4,4,sube_a_baja|baja_a_sube,sube_a_baja,baja_a_sube,274,363,9133,12100,90,90,62,72.82,48.79,57.53
bulgarian_07.mp4,4,sube_a_baja|baja_a_sube,sube_a_baja,baja_a_sube,274,363,9133,12100,90,90,63,72.27,48.71,57.49
bulgarian_07.mp4,4,sube_a_baja|baja_a_sube,sube_a_baja,baja_a_sube,274,363,9133,12100,90,90,64,71.81,48.63,57.44
bulgarian_07.mp4,4,sube_a_baja|baja_a_sube,sube_a_baja,baja_a_sube,274,363,9133,12100,90,90,65,71.42,48.55,57.42
bulgarian_07.mp4,4,sube_a_baja|baja_a_sube,sube_a_baja,baja_a_sube,274,363,9133,12100,90,90,66,71.09,48.48,57.41
bulgarian_07.mp4,4,sube_a_baja|baja_a_sube,sube_a_baja,baja_a_sube,274,363,9133,12100,90,90,67,70.78,48.42,57.36
bulgarian_07.mp4,4,sube_a_baja|baja_a_sube,sube_a_baja,baja_a_sube,274,363,9133,12100,90,90,68,70.48,48.36,57.3
bulgarian_07.mp4,4,sube_a_baja|baja_a_sube,sube_a_baja,baja_a_sube,274,363,9133,12100,90,90,69,70.18,48.31,57.22
bulgarian_07.mp4,4,sube_a_baja|baja_a_sube,sube_a_baja,baja_a_sube,274,363,9133,12100,90,90,70,69.88,48.27,57.14
bulgarian_07.mp4,4,sube_a_baja|baja_a_sube,sube_a_baja,baja_a_sube,274,363,9133,12100,90,90,71,69.56,48.23,57.05
bulgarian_07.mp4,4,sube_a_baja|baja_a_sube,sube_a_baja,baja_a_sube,274,363,9133,12100,90,90,72,69.21,48.21,56.95
bulgarian_07.mp4,4,sube_a_baja|baja_a_sube,sube_a_baja,baja_a_sube,274,363,9133,12100,90,90,73,68.84,48.18,56.86
bulgarian_07.mp4,4,sube_a_baja|baja_a_sube,sube_a_baja,baja_a_sube,274,363,9133,12100,90,90,74,68.53,48.16,56.77
bulgarian_07.mp4,4,sube_a_baja|baja_a_sube,sube_a_baja,baja_a_sube,274,363,9133,12100,90,90,75,68.19,48.16,56.68
bulgarian_07.mp4,4,sube_a_baja|baja_a_sube,sube_a_baja,baja_a_sube,274,363,9133,12100,90,90,76,67.88,48.17,56.6
bulgarian_07.mp4,4,sube_a_baja|baja_a_sube,sube_a_baja,baja_a_sube,274,363,9133,12100,90,90,77,67.63,48.18,56.51
bulgarian_07.mp4,4,sube_a_baja|baja_a_sube,sube_a_baja,baja_a_sube,274,363,9133,12100,90,90,78,67.44,48.19,56.44
bulgarian_07.mp4,4,sube_a_baja|baja_a_sube,sube_a_baja,baja_a_sube,274,363,9133,12100,90,90,79,67.3,48.21,56.38
bulgarian_07.mp4,4,sube_a_baja|baja_a_sube,sube_a_baja,baja_a_sube,274,363,9133,12100,90,90,80,67.2,48.22,56.34
bulgarian_07.mp4,4,sube_a_baja|baja_a_sube,sube_a_baja,baja_a_sube,274,363,9133,12100,90,90,81,67.12,48.24,56.31
bulgarian_07.mp4,4,sube_a_baja|baja_a_sube,sube_a_baja,baja_a_sube,274,363,9133,12100,90,90,82,67.06,48.26,56.28
bulgarian_07.mp4,4,sube_a_baja|baja_a_sube,sube_a_baja,baja_a_sube,274,363,9133,12100,90,90,83,67.04,48.27,56.26
bulgarian_07.mp4,4,sube_a_baja|baja_a_sube,sube_a_baja,baja_a_sube,274,363,9133,12100,90,90,84,67.05,48.29,56.24
bulgarian_07.mp4,4,sube_a_baja|baja_a_sube,sube_a_baja,baja_a_sube,274,363,9133,12100,90,90,85,67.08,48.29,56.22
bulgarian_07.mp4,4,sube_a_baja|baja_a_sube,sube_a_baja,baja_a_sube,274,363,9133,12100,90,90,86,67.11,48.3,56.2
bulgarian_07.mp4,4,sube_a_baja|baja_a_sube,sube_a_baja,baja_a_sube,274,363,9133,12100,90,90,87,67.11,48.3,56.19
bulgarian_07.mp4,4,sube_a_baja|baja_a_sube,sube_a_baja,baja_a_sube,274,363,9133,12100,90,90,88,67.04,48.29,56.2
bulgarian_07.mp4,4,sube_a_baja|baja_a_sube,sube_a_baja,baja_a_sube,274,363,9133,12100,90,90,89,66.89,48.28,56.23
bulgarian_07.mp4,4,sube_a_baja|baja_a_sube,sube_a_baja,baja_a_sube,274,363,9133,12100,90,90,90,66.74,48.27,56.26
bulgarian_07.mp4,4,sube_a_baja|baja_a_sube,sube_a_baja,baja_a_sube,274,363,9133,12100,90,90,91,66.6,48.25,56.3
bulgarian_07.mp4,4,sube_a_baja|baja_a_sube,sube_a_baja,baja_a_sube,274,363,9133,12100,90,90,92,66.46,48.23,56.34
bulgarian_07.mp4,4,sube_a_baja|baja_a_sube,sube_a_baja,baja_a_sube,274,363,9133,12100,90,90,93,66.34,48.22,56.39
bulgarian_07.mp4,4,sube_a_baja|baja_a_sube,sube_a_baja,baja_a_sube,274,363,9133,12100,90,90,94,66.24,48.21,56.43
bulgarian_07.mp4,4,sube_a_baja|baja_a_sube,sube_a_baja,baja_a_sube,274,363,9133,12100,90,90,95,66.17,48.19,56.47
bulgarian_07.mp4,4,sube_a_baja|baja_a_sube,sube_a_baja,baja_a_sube,274,363,9133,12100,90,90,96,66.12,48.17,56.53
bulgarian_07.mp4,4,sube_a_baja|baja_a_sube,sube_a_baja,baja_a_sube,274,363,9133,12100,90,90,97,66.07,48.15,56.59
bulgarian_07.mp4,4,sube_a_baja|baja_a_sube,sube_a_baja,baja_a_sube,274,363,9133,12100,90,90,98,66.03,48.11,56.68
bulgarian_07.mp4,4,sube_a_baja|baja_a_sube,sube_a_baja,baja_a_sube,274,363,9133,12100,90,90,99,66.01,48.07,56.76
bulgarian_07.mp4,4,sube_a_baja|baja_a_sube,sube_a_baja,baja_a_sube,274,363,9133,12100,90,90,100,66.2,48.05,56.84
