video_name,frame,tiempo_ms,landmarks_confiables,ear_x,ear_y,shoulder_x,shoulder_y,hip_x,hip_y,knee_x,knee_y,ankle_x,ankle_y,knee_angle_deg,torso_inclination_signed_deg,torso_inclination_abs_deg,neck_inclination_signed_deg,neck_inclination_abs_deg
bulgarian_01.mp4,0,0,True,984.51,394.18,875.19,440.3,730.87,697.42,987.27,685.5,983.95,939.48,86.59,29.31,29.31,67.12,67.12
bulgarian_01.mp4,1,33,True,1014.01,424.1,916.32,464.42,774.93,705.05,1016.7,700.18,1012.5,935.33,86.83,29.53,29.53,67.21,67.21
bulgarian_01.mp4,2,66,True,1039.79,450.17,949.29,485.83,812.77,713.88,1041.34,713.1,1036.52,931.92,87.18,29.81,29.81,67.47,67.47
bulgarian_01.mp4,3,100,True,1060.8,468.97,973.89,501.76,841.48,720.14,1060.1,723.66,1055.43,929.72,87.67,30.09,30.09,67.84,67.84
bulgarian_01.mp4,4,133,True,1076.76,482.21,992.88,512.19,863.8,723.9,1074.72,730.95,1069.57,928.3,88.22,30.35,30.35,68.34,68.34
bulgarian_01.mp4,5,166,True,1088.59,490.73,1007.8,519.25,880.65,726.09,1085.09,736.59,1079.81,927.36,88.85,30.59,30.59,68.78,68.78
bulgarian_01.mp4,6,200,True,1098.06,495.94,1020.01,523.56,893.66,726.8,1093.12,740.19,1088.36,926.73,89.55,30.85,30.85,69.13,69.13
bulgarian_01.mp4,7,233,True,1105.71,498.59,1029.82,525.52,903.53,725.15,1099.34,742.71,1094.85,926.17,90.39,31.14,31.14,69.39,69.39
bulgarian_01.mp4,8,266,True,1112.07,499.6,1037.81,526.48,910.96,721.42,1104.02,744.53,1099.76,925.84,91.41,31.52,31.52,69.54,69.54
bulgarian_01.mp4,9,300,True,1117.21,498.83,1044.91,525.16,917.37,716.27,1107.54,745.89,1103.67,925.37,92.65,31.96,31.96,69.63,69.63
bulgarian_01.mp4,10,333,True,1121.9,495.05,1050.79,520.47,922.61,710.17,1109.66,746.7,1106.07,925.06,94.1,32.38,32.38,69.77,69.77
bulgarian_01.mp4,11,366,True,1125.93,488.55,1056.38,513.94,927.42,703.41,1110.43,747.09,1107.84,924.84,95.8,32.75,32.75,69.8,69.8
bulgarian_01.mp4,12,400,True,1129.83,480.81,1061.45,505.86,931.88,695.82,1110.51,746.82,1108.78,924.83,97.71,33.06,33.06,69.82,69.82
bulgarian_01.mp4,13,433,True,1133.62,472.01,1066.27,496.59,936.14,687.32,1110.2,746.59,1109.37,924.82,99.88,33.31,33.31,69.85,69.85
bulgarian_01.mp4,14,466,True,1137.37,462.87,1070.88,486.61,940.63,678.6,1109.77,746.69,1109.73,924.82,102.29,33.48,33.48,69.95,69.95
bulgarian_01.mp4,15,500,True,1140.86,453.71,1074.8,476.56,946.01,670.04,1109.34,746.74,1109.87,924.88,104.89,33.51,33.51,70.14,70.14
bulgarian_01.mp4,16,533,True,1144.49,443.88,1079.02,466.81,951.16,661.16,1108.93,746.87,1109.84,925.36,107.67,33.48,33.48,70.25,70.25
bulgarian_01.mp4,17,566,True,1148.22,433.96,1082.92,456.74,955.67,652.1,1108.57,746.93,1109.73,926.24,110.58,33.4,33.4,70.36,70.36
bulgarian_01.mp4,18,600,True,1151.89,424.26,1086.74,447.66,959.61,643.33,1107.69,746.95,1109.64,926.89,113.58,33.32,33.32,70.33,70.33
bulgarian_01.mp4,19,633,True,1155.57,414.71,1090.75,438.13,963.81,633.94,1106.44,746.95,1109.55,927.37,116.74,33.25,33.25,70.29,70.29
bulgarian_01.mp4,20,666,True,1159.28,405.36,1094.46,428.11,967.71,625.12,1104.7,746.97,1109.59,927.69,120.03,33.15,33.15,70.37,70.37
bulgarian_01.mp4,21,700,True,1162.27,395.65,1097.43,418.85,972.23,617.45,1102.48,747.05,1109.64,928.23,123.45,32.96,32.96,70.36,70.36
bulgarian_01.mp4,22,733,True,1165.31,386.64,1100.15,410.35,976.37,609.44,1100.15,746.95,1109.67,928.7,126.96,32.75,32.75,70.29,70.29
bulgarian_01.mp4,23,766,True,1168.46,378.81,1102.67,401.89,980.59,602.34,1097.76,746.87,1109.58,929.4,130.5,32.47,32.47,70.36,70.36
bulgarian_01.mp4,24,800,True,1171.72,371.85,1105.54,394.48,984.83,596.12,1095.8,746.78,1109.5,929.93,133.98,32.15,32.15,70.51,70.51
bulgarian_01.mp4,25,833,True,1174.5,365.37,1107.86,388.17,988.55,590.92,1093.86,747.29,1109.4,930.37,137.37,31.82,31.82,70.63,70.63
bulgarian_01.mp4,26,866,True,1177.08,359.82,1110.21,382.18,992.11,586.03,1092.23,747.82,1109.32,930.68,140.61,31.47,31.47,70.81,70.81
bulgarian_01.mp4,27,900,True,1179.44,355.26,1112.68,377.5,995.87,581.8,1090.93,748.27,1109.26,930.85,143.69,31.13,31.13,70.96,70.96
bulgarian_01.mp4,28,933,True,1181.25,351.27,1114.52,374.01,999.31,578.08,1089.95,748.8,1109.14,930.99,146.56,30.79,30.79,71.01,71.01
bulgarian_01.mp4,29,966,True,1182.98,348.07,1115.95,371.0,1001.87,575.03,1089.25,749.2,1109.04,931.04,149.16,30.48,30.48,71.03,71.03
bulgarian_01.mp4,30,1000,True,1184.16,345.49,1117.1,368.66,1004.24,572.75,1088.77,749.49,1108.79,931.04,151.48,30.17,30.17,71.01,71.01
bulgarian_01.mp4,31,1033,True,1185.04,343.37,1117.89,367.46,1006.12,571.1,1088.43,749.65,1108.6,931.05,153.5,29.89,29.89,70.86,70.86
bulgarian_01.mp4,32,1066,True,1185.86,341.86,1118.61,366.17,1007.66,569.6,1088.2,749.77,1108.42,930.99,155.26,29.63,29.63,70.71,70.71
bulgarian_01.mp4,33,1100,True,1186.42,340.74,1119.13,365.52,1008.79,568.58,1088.03,749.7,1108.29,930.95,156.75,29.41,29.41,70.53,70.53
bulgarian_01.mp4,34,1133,True,1186.92,340.1,1119.57,364.93,1009.42,567.96,1087.93,749.79,1108.28,930.91,158.02,29.22,29.22,70.38,70.38
bulgarian_01.mp4,35,1166,True,1187.25,339.77,1119.85,364.68,1009.76,567.65,1087.86,749.95,1108.32,930.89,159.06,29.07,29.07,70.24,70.24
bulgarian_01.mp4,36,1200,True,1187.46,339.66,1120.01,364.6,1009.9,567.54,1087.84,750.07,1108.21,930.83,159.91,28.96,28.96,70.14,70.14
bulgarian_01.mp4,37,1233,True,1187.52,339.68,1119.87,364.71,1010.0,567.5,1087.9,750.16,1107.85,930.79,160.57,28.85,28.85,70.05,70.05
bulgarian_01.mp4,38,1266,True,1187.33,339.88,1119.61,365.05,1010.01,567.7,1088.3,750.19,1107.76,930.76,161.04,28.76,28.76,69.96,69.96
bulgarian_01.mp4,39,1300,True,1187.1,340.68,1119.4,366.12,1009.62,568.57,1088.92,750.18,1107.86,930.72,161.32,28.71,28.71,69.85,69.85
bulgarian_01.mp4,40,1333,True,1186.61,342.21,1119.01,367.77,1008.28,570.57,1089.55,749.98,1107.97,930.68,161.34,28.69,28.69,69.74,69.74
bulgarian_01.mp4,41,1366,True,1185.83,344.48,1118.17,370.11,1005.11,573.04,1090.23,749.54,1108.01,930.62,161.05,28.78,28.78,69.64,69.64
bulgarian_01.mp4,42,1400,True,1184.79,348.08,1117.07,373.42,1000.71,575.8,1090.99,749.14,1108.04,930.6,160.41,29.0,29.0,69.61,69.61
bulgarian_01.mp4,43,1433,True,1183.43,353.08,1115.61,377.6,996.32,579.55,1091.94,748.63,1108.07,930.65,159.44,29.32,29.32,69.71,69.71
bulgarian_01.mp4,44,1466,True,1181.3,359.05,1113.46,383.46,992.38,583.89,1093.01,748.28,1108.14,930.51,158.21,29.68,29.68,69.81,69.81
bulgarian_01.mp4,45,1500,True,1178.56,365.54,1110.63,390.41,988.92,589.36,1094.25,747.84,1108.44,930.27,156.74,30.03,30.03,69.83,69.83
bulgarian_01.mp4,46,1533,True,1175.41,372.57,1107.79,397.34,985.61,595.02,1096.59,747.51,1108.78,930.04,154.94,30.37,30.37,69.84,69.84
bulgarian_01.mp4,47,1566,True,1172.21,380.11,1105.14,405.14,981.96,601.84,1098.9,747.33,1109.05,929.86,152.83,30.71,30.71,69.78,69.78
bulgarian_01.mp4,48,1600,True,1168.89,387.76,1102.17,413.67,978.43,608.99,1101.24,747.18,1109.26,929.72,150.44,31.04,31.04,69.58,69.58
bulgarian_01.mp4,49,1633,True,1165.35,395.35,1099.02,421.8,975.2,616.66,1104.0,747.16,1109.42,929.63,147.77,31.32,31.32,69.31,69.31
bulgarian_01.mp4,50,1666,True,1161.83,403.3,1095.52,430.31,972.03,624.63,1106.07,747.26,1109.54,929.71,144.92,31.54,31.54,69.02,69.02
bulgarian_01.mp4,51,1700,True,1158.2,411.64,1091.81,438.44,968.95,632.77,1107.91,747.33,1109.43,929.94,141.93,31.69,31.69,68.82,68.82
bulgarian_01.mp4,52,1733,True,1155.26,419.44,1087.93,446.76,964.91,640.4,1109.11,747.37,1109.59,929.67,138.89,31.84,31.84,68.64,68.64
bulgarian_01.mp4,53,1766,True,1152.23,427.52,1084.31,454.95,960.46,648.14,1109.89,747.38,1110.05,929.11,135.84,32.0,32.0,68.51,68.51
bulgarian_01.mp4,54,1800,True,1149.18,435.87,1080.91,463.37,956.11,655.7,1109.85,746.21,1110.4,928.48,132.8,32.2,32.2,68.42,68.42
bulgarian_01.mp4,55,1833,True,1146.24,444.03,1077.53,471.18,952.02,663.11,1109.27,744.55,1110.66,927.95,129.81,32.4,32.4,68.42,68.42
bulgarian_01.mp4,56,1866,True,1143.84,452.55,1074.24,479.1,948.6,670.18,1109.27,743.36,1111.02,927.48,126.85,32.58,32.58,68.56,68.56
bulgarian_01.mp4,57,1900,True,1141.44,460.55,1070.53,487.26,945.49,676.9,1109.67,742.55,1111.31,927.01,123.94,32.74,32.74,68.72,68.72
bulgarian_01.mp4,58,1933,True,1139.08,468.37,1066.61,495.32,942.5,683.57,1110.15,742.0,1111.6,926.41,121.09,32.88,32.88,68.9,68.9
bulgarian_01.mp4,59,1966,True,1136.55,475.69,1063.01,503.35,939.69,690.01,1111.23,741.64,1111.94,925.97,118.26,32.99,32.99,69.0,69.0
bulgarian_01.mp4,60,2000,True,1134.41,482.76,1059.91,510.42,937.29,696.18,1112.15,741.61,1112.4,925.65,115.54,33.08,33.08,69.12,69.12
bulgarian_01.mp4,61,2033,True,1132.19,489.67,1056.93,516.91,935.41,702.16,1112.96,741.69,1112.78,925.32,112.93,33.12,33.12,69.32,69.32
bulgarian_01.mp4,62,2066,True,1130.21,496.4,1054.4,523.03,933.82,708.1,1113.53,741.91,1113.11,924.94,110.45,33.11,33.11,69.59,69.59
bulgarian_01.mp4,63,2100,True,1128.49,502.96,1052.23,528.96,932.65,713.68,1114.02,742.38,1113.38,924.56,108.12,33.07,33.07,69.9,69.9
bulgarian_01.mp4,64,2133,True,1126.94,509.05,1050.33,534.75,931.56,718.9,1114.36,743.02,1113.59,924.29,105.95,33.02,33.02,70.21,70.21
bulgarian_01.mp4,65,2166,True,1125.52,514.66,1048.54,539.86,930.47,723.63,1114.61,743.52,1113.69,924.22,103.93,32.96,32.96,70.54,70.54
bulgarian_01.mp4,66,2200,True,1124.17,519.82,1046.86,544.73,929.36,727.89,1114.78,744.02,1113.74,924.39,102.07,32.91,32.91,70.86,70.86
bulgarian_01.mp4,67,2233,True,1122.82,524.54,1045.5,549.19,928.44,731.95,1114.91,744.59,1113.78,924.63,100.36,32.85,32.85,71.15,71.15
bulgarian_01.mp4,68,2266,True,1121.51,528.86,1044.21,553.31,927.85,735.48,1115.02,745.16,1113.79,924.8,98.8,32.8,32.8,71.41,71.41
bulgarian_01.mp4,69,2300,True,1119.94,532.34,1042.91,557.12,927.37,739.06,1115.08,745.72,1113.75,924.95,97.37,32.72,32.72,71.56,71.56
bulgarian_01.mp4,70,2333,True,1118.52,535.64,1041.91,560.23,927.06,742.02,1114.99,746.69,1113.73,925.11,96.1,32.63,32.63,71.69,71.69
bulgarian_01.mp4,71,2366,True,1117.37,538.33,1041.04,562.72,926.8,744.76,1114.92,747.41,1113.68,925.25,94.96,32.53,32.53,71.81,71.81
bulgarian_01.mp4,72,2400,True,1116.51,540.81,1040.35,564.74,926.59,747.26,1114.88,748.0,1113.56,925.42,93.93,32.41,32.41,71.96,71.96
bulgarian_01.mp4,73,2433,True,1115.89,542.97,1039.9,566.39,926.45,749.3,1114.84,748.47,1113.41,925.59,93.0,32.29,32.29,72.14,72.14
bulgarian_01.mp4,74,2466,True,1115.49,544.77,1039.6,567.79,926.34,750.93,1114.81,748.85,1113.24,925.77,92.17,32.18,32.18,72.34,72.34
bulgarian_01.mp4,75,2500,True,1115.21,546.15,1039.41,568.78,926.27,752.15,1114.78,749.13,1113.09,925.9,91.44,32.08,32.08,72.55,72.55
bulgarian_01.mp4,76,2533,True,1114.99,547.06,1039.28,569.39,926.21,753.03,1114.76,749.36,1112.97,925.99,90.82,31.99,31.99,72.75,72.75
bulgarian_01.mp4,77,2566,True,1114.81,547.55,1039.21,569.72,926.18,753.61,1114.75,749.57,1112.84,926.05,90.28,31.91,31.91,72.93,72.93
bulgarian_01.mp4,78,2600,True,1114.7,547.78,1039.17,569.86,926.15,753.98,1114.77,749.75,1112.71,926.06,89.84,31.83,31.83,73.09,73.09
bulgarian_01.mp4,79,2633,True,1114.62,547.93,1039.17,569.91,926.17,754.18,1114.77,750.25,1112.58,926.05,89.49,31.77,31.77,73.22,73.22
bulgarian_01.mp4,80,2666,True,1114.65,547.88,1039.28,569.92,926.29,754.13,1114.78,750.84,1112.45,926.05,89.24,31.72,31.72,73.31,73.31
bulgarian_01.mp4,81,2700,True,1114.9,547.4,1039.5,569.78,926.52,753.51,1114.85,751.39,1112.35,926.04,89.1,31.69,31.69,73.35,73.35
bulgarian_01.mp4,82,2733,True,1115.27,546.25,1040.14,569.12,926.82,752.13,1114.94,751.82,1112.28,926.14,89.08,31.71,31.71,73.29,73.29
bulgarian_01.mp4,83,2766,True,1115.89,544.19,1041.06,567.36,927.12,750.2,1115.06,752.13,1112.25,926.29,89.2,31.75,31.75,73.19,73.19
bulgarian_01.mp4,84,2800,True,1117.0,541.33,1042.36,564.48,927.36,747.4,1115.22,752.36,1112.18,926.44,89.46,31.83,31.83,73.11,73.11
bulgarian_01.mp4,85,2833,True,1118.29,537.58,1043.69,560.78,927.67,744.12,1115.42,752.46,1112.14,926.58,89.86,31.93,31.93,73.03,73.03
bulgarian_01.mp4,86,2866,True,1119.83,532.4,1045.43,556.63,928.06,739.97,1115.65,752.54,1112.15,926.68,90.43,32.07,32.07,72.82,72.82
bulgarian_01.mp4,87,2900,True,1121.67,527.1,1047.32,551.7,928.54,734.77,1115.89,752.56,1112.19,926.59,91.18,32.25,32.25,72.59,72.59
bulgarian_01.mp4,88,2933,True,1123.67,520.27,1049.69,545.45,929.23,728.45,1116.11,752.56,1112.32,926.55,92.17,32.47,32.47,72.31,72.31
bulgarian_01.mp4,89,2966,True,1125.64,512.39,1052.34,538.28,930.1,721.66,1116.45,752.47,1112.54,925.95,93.35,32.72,32.72,71.96,71.96
bulgarian_01.mp4,90,3000,True,1127.54,504.03,1054.61,530.51,931.48,713.98,1116.64,752.01,1112.68,925.17,94.74,32.95,32.95,71.58,71.58
bulgarian_01.mp4,91,3033,True,1130.03,494.38,1057.31,521.99,933.79,706.13,1115.83,751.35,1112.73,925.16,96.38,33.13,33.13,71.1,71.1
bulgarian_01.mp4,92,3066,True,1132.63,483.88,1060.39,511.77,936.0,697.77,1113.13,749.3,1112.7,925.19,98.32,33.26,33.26,70.66,70.66
bulgarian_01.mp4,93,3100,True,1135.22,473.55,1063.49,501.16,938.31,689.17,1111.24,747.62,1112.66,925.18,100.48,33.34,33.34,70.32,70.32
bulgarian_01.mp4,94,3133,True,1137.93,463.0,1066.77,490.31,941.14,680.89,1109.41,746.45,1112.6,925.24,102.85,33.35,33.35,70.05,70.05
bulgarian_01.mp4,95,3166,True,1140.69,452.85,1069.81,479.79,945.2,672.44,1108.09,746.67,1112.08,926.36,105.43,33.26,33.26,69.88,69.88
bulgarian_01.mp4,96,3200,True,1143.57,442.82,1073.04,469.56,949.43,663.59,1106.86,747.31,1111.62,927.66,108.25,33.11,33.11,69.75,69.75
bulgarian_01.mp4,97,3233,True,1146.54,432.77,1076.44,459.48,953.43,654.35,1105.73,747.69,1111.18,928.6,111.24,32.94,32.94,69.63,69.63
bulgarian_01.mp4,98,3266,True,1149.62,422.67,1079.46,449.57,956.57,645.66,1104.37,747.87,1110.69,929.26,114.33,32.77,32.77,69.51,69.51
bulgarian_01.mp4,99,3300,True,1152.78,412.54,1082.27,439.72,959.56,636.88,1102.03,748.0,1110.31,929.73,117.57,32.59,32.59,69.39,69.39
bulgarian_01.mp4,100,3333,True,1155.71,402.54,1085.13,430.46,962.03,628.06,1097.9,747.97,1109.95,930.07,121.1,32.46,32.46,69.2,69.2
bulgarian_01.mp4,101,3366,True,1158.17,393.01,1088.18,421.1,965.29,619.36,1094.66,747.87,1109.68,930.31,124.79,32.32,32.32,68.98,68.98
bulgarian_01.mp4,102,3400,True,1160.72,384.19,1091.02,412.0,969.22,610.77,1091.69,747.82,1109.46,930.64,128.58,32.16,32.16,68.84,68.84
bulgarian_01.mp4,103,3433,True,1163.18,376.33,1093.61,403.54,973.1,603.22,1089.24,747.53,1109.12,930.86,132.34,31.95,31.95,68.8,68.8
bulgarian_02.mp4,0,0,True,1125.81,240.8,1057.47,292.81,959.78,487.56,1105.88,592.31,1053.26,743.62,106.46,26.64,26.64,52.72,52.72
bulgarian_02.mp4,1,33,True,1125.81,242.03,1057.5,294.51,959.85,488.84,1106.49,592.23,1053.26,743.65,106.33,26.65,26.65,52.67,52.67
bulgarian_02.mp4,2,66,True,1125.81,246.17,1057.5,297.5,960.07,491.36,1108.3,592.15,1053.25,743.66,105.92,26.65,26.65,52.75,52.75
bulgarian_02.mp4,3,100,True,1125.8,252.04,1057.06,302.08,960.07,494.96,1110.04,592.09,1053.23,743.7,105.21,26.66,26.66,52.99,52.99
bulgarian_02.mp4,4,133,True,1125.63,259.43,1056.0,308.69,959.4,499.2,1111.54,592.19,1053.21,744.11,104.25,26.71,26.71,53.34,53.34
bulgarian_02.mp4,5,166,True,1125.28,267.63,1054.9,316.42,958.49,504.58,1112.65,591.76,1053.95,744.39,103.09,26.79,26.79,53.73,53.73
bulgarian_02.mp4,6,200,True,1124.99,276.2,1053.96,324.47,957.47,510.43,1113.42,591.38,1054.79,744.58,101.77,26.92,26.92,54.14,54.14
bulgarian_02.mp4,7,233,True,1124.44,284.58,1053.0,333.19,956.61,516.72,1114.42,591.08,1056.11,744.73,100.31,27.08,27.08,54.47,54.47
bulgarian_02.mp4,8,266,True,1123.88,293.09,1051.92,341.31,955.94,523.14,1115.46,590.87,1057.16,744.9,98.7,27.23,27.23,54.81,54.81
bulgarian_02.mp4,9,300,True,1123.09,301.35,1051.12,349.3,955.04,529.74,1116.46,590.72,1058.16,744.86,96.96,27.39,27.39,55.11,55.11
bulgarian_02.mp4,10,333,True,1122.22,309.19,1049.97,356.23,953.76,535.69,1117.16,590.61,1059.1,744.84,95.15,27.55,27.55,55.48,55.48
bulgarian_02.mp4,11,366,True,1121.06,316.84,1049.07,364.13,952.18,541.64,1117.04,590.53,1060.05,744.78,93.37,27.77,27.77,55.72,55.72
bulgarian_02.mp4,12,400,True,1120.19,323.93,1048.43,368.47,948.97,546.58,1106.26,600.46,1060.72,746.08,93.0,28.05,28.05,56.21,56.21
bulgarian_02.mp4,13,433,True,1119.54,330.19,1047.72,372.74,945.36,551.26,1101.0,605.54,1061.75,747.1,93.15,28.4,28.4,56.84,56.84
bulgarian_02.mp4,14,466,True,1119.06,335.94,1046.86,377.63,942.31,555.71,1097.64,608.49,1062.67,748.25,93.46,28.81,28.81,57.47,57.47
bulgarian_02.mp4,15,500,True,1118.71,340.25,1046.2,381.59,940.16,559.78,1097.19,609.7,1063.6,749.37,93.59,29.2,29.2,58.04,58.04
bulgarian_02.mp4,16,533,True,1118.43,343.89,1045.73,384.72,938.52,563.33,1097.65,609.99,1064.65,750.15,93.49,29.55,29.55,58.57,58.57
bulgarian_02.mp4,17,566,True,1118.15,346.75,1045.37,387.31,937.27,566.11,1099.38,610.15,1066.29,750.73,93.19,29.87,29.87,59.03,59.03
bulgarian_02.mp4,18,600,True,1117.87,348.61,1045.01,388.54,936.22,567.76,1100.38,610.14,1067.79,751.13,92.84,30.15,30.15,59.48,59.48
bulgarian_02.mp4,19,633,True,1117.59,349.51,1044.66,388.98,935.52,568.62,1101.15,610.02,1068.97,751.53,92.52,30.38,30.38,59.9,59.9
bulgarian_02.mp4,20,666,True,1116.99,349.81,1044.24,389.33,936.71,568.97,1103.91,609.86,1069.79,751.81,92.06,30.48,30.48,60.22,60.22
bulgarian_02.mp4,21,700,True,1116.38,349.15,1043.83,389.53,938.06,568.64,1106.9,608.05,1070.4,751.91,91.43,30.5,30.5,60.35,60.35
bulgarian_02.mp4,22,733,True,1115.79,346.86,1043.64,388.16,940.08,566.87,1110.21,606.17,1070.84,752.21,90.73,30.42,30.42,60.33,60.33
bulgarian_02.mp4,23,766,True,1115.35,342.56,1043.53,384.88,942.07,562.99,1113.35,604.43,1071.17,752.92,90.13,30.27,30.27,60.16,60.16
bulgarian_02.mp4,24,800,True,1115.04,336.77,1043.48,379.97,944.97,558.05,1115.71,603.08,1071.42,753.41,89.78,30.0,30.0,59.9,59.9
bulgarian_02.mp4,25,833,True,1114.76,329.88,1043.02,372.53,946.88,551.67,1117.64,601.93,1071.66,753.76,89.73,29.65,29.65,59.78,59.78
bulgarian_02.mp4,26,866,True,1114.51,322.7,1042.59,365.23,948.15,545.17,1118.91,601.06,1071.82,754.01,89.99,29.26,29.26,59.7,59.7
bulgarian_02.mp4,27,900,True,1114.24,314.98,1042.08,357.11,948.97,538.6,1119.65,600.68,1071.92,754.24,90.53,28.84,28.84,59.71,59.71
bulgarian_02.mp4,28,933,True,1113.83,306.94,1041.72,348.86,949.78,531.87,1119.43,600.58,1071.52,754.99,91.39,28.4,28.4,59.73,59.73
bulgarian_02.mp4,29,966,True,1113.49,297.94,1042.39,340.76,952.83,526.22,1119.23,600.65,1071.04,756.31,92.49,27.88,27.88,59.57,59.57
bulgarian_02.mp4,30,1000,True,1113.24,288.54,1042.99,332.89,955.74,521.62,1119.1,601.3,1070.78,757.45,93.76,27.27,27.27,59.2,59.2
bulgarian_02.mp4,31,1033,True,1113.02,279.2,1043.66,324.44,958.98,517.27,1119.04,602.02,1070.72,758.25,95.15,26.55,26.55,58.74,58.74
bulgarian_02.mp4,32,1066,True,1112.93,269.75,1044.53,314.85,962.8,511.8,1118.2,602.75,1070.66,758.97,96.8,25.75,25.75,58.31,58.31
bulgarian_02.mp4,33,1100,True,1113.02,260.3,1045.64,304.82,966.46,504.51,1115.97,602.93,1070.6,759.64,98.88,24.93,24.93,57.96,57.96
bulgarian_02.mp4,34,1133,True,1113.16,250.51,1046.58,294.42,970.11,496.84,1112.65,602.34,1070.63,760.42,101.43,24.08,24.08,57.69,57.69
bulgarian_02.mp4,35,1166,True,1113.26,240.9,1047.44,284.99,974.6,490.07,1109.76,601.66,1071.09,761.45,104.33,23.17,23.17,57.39,57.39
bulgarian_02.mp4,36,1200,True,1113.28,231.58,1048.06,275.26,978.39,482.34,1106.7,601.67,1071.45,762.47,107.58,22.26,22.26,57.14,57.14
bulgarian_02.mp4,37,1233,True,1113.18,222.59,1048.68,266.92,982.12,475.79,1103.09,601.85,1071.81,763.26,111.1,21.34,21.34,56.81,56.81
bulgarian_02.mp4,38,1266,True,1112.92,214.07,1049.4,259.28,985.43,470.45,1099.29,602.28,1072.07,764.09,114.81,20.45,20.45,56.36,56.36
bulgarian_02.mp4,39,1300,True,1112.6,206.25,1050.17,252.19,988.13,464.83,1094.74,603.14,1072.27,764.81,118.74,19.61,19.61,55.82,55.82
bulgarian_02.mp4,40,1333,True,1112.15,198.83,1050.73,246.24,990.13,459.76,1090.46,603.85,1072.37,765.32,122.74,18.86,18.86,55.12,55.12
bulgarian_02.mp4,41,1366,True,1111.65,192.54,1051.15,240.55,991.78,455.12,1085.84,604.36,1072.42,765.69,126.8,18.18,18.18,54.41,54.41
bulgarian_02.mp4,42,1400,True,1110.98,187.11,1051.45,235.78,992.92,450.57,1081.29,604.65,1072.42,765.96,130.84,17.59,17.59,53.68,53.68
bulgarian_02.mp4,43,1433,True,1110.34,182.44,1051.66,232.09,994.05,447.04,1076.89,604.96,1072.4,766.5,134.82,17.07,17.07,52.89,52.89
bulgarian_02.mp4,44,1466,True,1109.38,178.78,1051.66,229.15,995.13,444.32,1072.85,605.27,1072.38,767.06,138.67,16.6,16.6,52.09,52.09
bulgarian_02.mp4,45,1500,True,1108.49,175.81,1051.64,226.5,996.64,442.32,1069.4,605.67,1072.36,767.91,142.34,16.14,16.14,51.33,51.33
bulgarian_02.mp4,46,1533,True,1107.85,173.25,1051.6,225.0,997.69,440.64,1066.53,606.16,1072.36,768.81,145.77,15.72,15.72,50.54,50.54
bulgarian_02.mp4,47,1566,True,1107.36,171.51,1051.37,223.98,998.52,439.61,1064.58,606.56,1072.37,769.51,148.84,15.33,15.33,49.81,49.81
bulgarian_02.mp4,48,1600,True,1106.98,170.58,1051.08,223.45,999.04,439.05,1063.34,606.85,1072.4,770.11,151.52,14.98,14.98,49.16,49.16
bulgarian_02.mp4,49,1633,True,1106.7,170.24,1050.85,223.2,999.42,438.8,1062.64,607.39,1072.48,770.72,153.79,14.67,14.67,48.64,48.64
bulgarian_02.mp4,50,1666,True,1106.5,170.22,1050.66,223.13,999.47,438.69,1062.28,607.82,1072.55,771.32,155.68,14.4,14.4,48.22,48.22
bulgarian_02.mp4,51,1700,True,1106.36,170.44,1050.51,223.12,999.29,438.76,1062.17,608.26,1072.76,772.08,157.21,14.2,14.2,47.91,47.91
bulgarian_02.mp4,52,1733,True,1106.31,171.11,1050.42,223.63,999.12,439.51,1063.79,608.77,1072.82,773.15,158.22,14.03,14.03,47.68,47.68
bulgarian_02.mp4,53,1766,True,1106.27,173.07,1050.5,225.76,998.96,442.55,1067.32,610.61,1072.87,774.31,158.54,13.9,13.9,47.47,47.47
bulgarian_02.mp4,54,1800,True,1106.25,176.05,1050.57,228.42,998.89,446.01,1070.26,612.33,1072.92,775.57,158.37,13.79,13.79,47.33,47.33
bulgarian_02.mp4,55,1833,True,1106.5,180.21,1051.07,232.99,998.82,451.56,1074.35,613.59,1073.05,776.49,157.61,13.72,13.72,47.14,47.14
bulgarian_02.mp4,56,1866,True,1106.85,186.15,1051.44,238.37,998.66,457.64,1078.54,614.65,1073.34,777.35,156.33,13.68,13.68,47.06,47.06
bulgarian_02.mp4,57,1900,True,1107.22,193.08,1051.71,244.58,998.22,463.84,1082.91,615.41,1073.81,777.97,154.58,13.69,13.69,47.07,47.07
bulgarian_02.mp4,58,1933,True,1107.86,200.66,1051.9,251.19,997.16,469.56,1087.01,615.97,1074.34,778.42,152.47,13.77,13.77,47.24,47.24
bulgarian_02.mp4,59,1966,True,1108.78,209.29,1052.25,259.17,995.61,475.82,1090.7,615.92,1074.78,779.03,150.03,13.94,13.94,47.51,47.51
bulgarian_02.mp4,60,2000,True,1109.54,219.0,1052.52,267.1,993.85,482.41,1094.54,615.88,1075.12,779.8,147.26,14.2,14.2,47.98,47.98
bulgarian_02.mp4,61,2033,True,1110.31,229.48,1052.83,276.91,991.63,488.92,1097.66,615.83,1075.38,780.35,144.29,14.58,14.58,48.48,48.48
bulgarian_02.mp4,62,2066,True,1111.06,240.25,1053.17,286.73,988.51,495.52,1101.42,615.97,1075.44,780.74,141.01,15.11,15.11,49.03,49.03
bulgarian_02.mp4,63,2100,True,1111.92,251.47,1053.43,297.37,984.61,502.97,1105.04,617.09,1075.56,781.03,137.46,15.79,15.79,49.6,49.6
bulgarian_02.mp4,64,2133,True,1113.11,262.54,1053.45,308.18,980.23,510.75,1108.89,618.37,1075.75,781.46,133.65,16.6,16.6,50.2,50.2
bulgarian_02.mp4,65,2166,True,1114.23,274.1,1053.2,319.41,975.6,518.73,1112.07,619.71,1075.88,781.78,129.71,17.54,17.54,50.84,50.84
bulgarian_02.mp4,66,2200,True,1115.29,285.89,1053.07,331.22,971.36,526.23,1114.55,621.4,1075.99,782.23,125.79,18.58,18.58,51.46,51.46
bulgarian_02.mp4,67,2233,True,1116.37,297.57,1052.89,341.87,968.08,534.0,1116.72,622.65,1076.07,782.56,121.94,19.63,19.63,52.18,52.18
bulgarian_02.mp4,68,2266,True,1117.66,309.06,1052.7,352.24,965.48,541.86,1118.85,623.74,1076.54,782.81,118.19,20.64,20.64,53.02,53.02
bulgarian_02.mp4,69,2300,True,1119.07,320.65,1052.63,362.88,963.89,549.42,1120.83,624.48,1076.95,782.94,114.57,21.6,21.6,53.93,53.93
bulgarian_02.mp4,70,2333,True,1120.17,331.28,1052.65,373.38,961.89,556.51,1122.31,624.98,1077.53,783.08,111.12,22.55,22.55,54.76,54.76
bulgarian_02.mp4,71,2366,True,1121.51,341.63,1052.96,384.16,959.8,563.63,1123.23,625.31,1078.14,783.27,107.84,23.53,23.53,55.44,55.44
bulgarian_02.mp4,72,2400,True,1122.52,350.55,1053.47,390.93,956.84,569.4,1123.04,625.93,1079.55,783.89,104.95,24.51,24.51,56.29,56.29
bulgarian_02.mp4,73,2433,True,1123.8,360.58,1053.89,398.9,953.08,574.74,1120.65,626.71,1081.2,784.35,102.6,25.57,25.57,57.29,57.29
bulgarian_02.mp4,74,2466,True,1124.69,368.97,1054.05,405.9,949.52,580.09,1118.91,627.43,1082.59,784.68,100.6,26.65,26.65,58.31,58.31
bulgarian_02.mp4,75,2500,True,1125.48,376.17,1054.39,411.71,946.12,585.36,1117.61,628.31,1083.66,784.92,98.85,27.71,27.71,59.33,59.33
bulgarian_02.mp4,76,2533,True,1125.55,381.23,1054.64,416.22,943.78,589.14,1116.18,628.93,1084.74,785.09,97.4,28.7,28.7,60.22,60.22
bulgarian_02.mp4,77,2566,True,1125.89,386.58,1054.8,420.47,941.25,592.84,1114.2,629.37,1085.51,785.21,96.22,29.63,29.63,61.08,61.08
bulgarian_02.mp4,78,2600,True,1126.25,391.21,1054.83,422.88,938.75,595.09,1111.32,629.53,1086.03,785.51,95.39,30.5,30.5,62.08,62.08
bulgarian_02.mp4,79,2633,True,1126.51,394.45,1054.85,424.06,936.98,596.7,1108.68,629.59,1086.37,786.05,94.86,31.27,31.27,63.17,63.17
bulgarian_02.mp4,80,2666,True,1126.7,396.13,1054.87,424.8,934.91,597.56,1106.74,629.07,1086.52,786.45,94.5,31.97,31.97,64.19,64.19
bulgarian_02.mp4,81,2700,True,1127.06,396.93,1054.9,424.92,933.75,598.06,1105.4,628.69,1086.67,786.97,94.27,32.57,32.57,65.11,65.11
bulgarian_02.mp4,82,2733,True,1127.33,397.18,1054.72,425.12,935.46,598.2,1107.94,628.33,1086.77,785.95,93.87,32.97,32.97,65.88,65.88
bulgarian_02.mp4,83,2766,True,1127.51,397.06,1054.61,425.24,937.4,597.95,1110.9,627.92,1086.82,784.91,93.31,33.21,33.21,66.48,66.48
bulgarian_02.mp4,84,2800,True,1127.65,395.65,1054.78,424.19,940.43,596.95,1113.92,627.8,1086.64,784.02,92.69,33.27,33.27,66.9,66.9
bulgarian_02.mp4,85,2833,True,1127.64,392.13,1055.51,422.08,943.57,593.92,1116.8,627.29,1086.88,783.12,92.16,33.23,33.23,67.01,67.01
bulgarian_02.mp4,86,2866,True,1127.62,386.84,1056.12,417.73,946.46,590.06,1119.09,626.8,1086.88,782.69,91.79,33.08,33.08,66.94,66.94
bulgarian_02.mp4,87,2900,True,1127.72,380.89,1056.85,412.42,949.54,584.75,1121.31,626.27,1087.24,782.35,91.69,32.85,32.85,66.75,66.75
bulgarian_02.mp4,88,2933,True,1127.79,373.2,1057.35,406.13,951.83,579.72,1123.03,625.81,1086.76,782.6,91.76,32.53,32.53,66.39,66.39
bulgarian_02.mp4,89,2966,True,1127.83,364.76,1057.71,398.36,953.51,573.73,1124.17,625.4,1086.29,782.79,92.07,32.17,32.17,65.99,65.99
bulgarian_02.mp4,90,3000,True,1127.86,355.48,1057.97,389.46,955.3,568.3,1124.95,625.17,1085.65,783.27,92.57,31.71,31.71,65.61,65.61
bulgarian_02.mp4,91,3033,True,1127.91,346.53,1058.15,381.37,956.99,562.27,1125.48,625.39,1085.16,783.73,93.31,31.21,31.21,65.18,65.18
bulgarian_02.mp4,92,3066,True,1127.93,337.2,1058.27,373.5,958.86,556.14,1125.6,625.83,1084.26,784.44,94.26,30.68,30.68,64.64,64.64
bulgarian_02.mp4,93,3100,True,1127.95,327.63,1058.43,365.46,961.32,550.54,1125.66,626.17,1083.47,785.09,95.38,30.08,30.08,64.0,64.0
bulgarian_02.mp4,94,3133,True,1127.86,317.62,1058.72,356.86,965.0,545.24,1125.72,626.89,1082.88,785.9,96.67,29.35,29.35,63.28,63.28
bulgarian_02.mp4,95,3166,True,1127.64,307.04,1059.06,347.81,969.18,540.13,1125.71,628.28,1082.43,786.62,98.16,28.49,28.49,62.48,62.48
bulgarian_02.mp4,96,3200,True,1127.26,296.74,1059.55,338.59,973.32,534.61,1124.47,629.38,1082.09,787.56,99.94,27.54,27.54,61.64,61.64
bulgarian_02.mp4,97,3233,True,1126.3,285.71,1059.99,328.55,978.11,528.37,1122.59,629.05,1081.85,788.26,102.06,26.49,26.49,60.74,60.74
bulgarian_02.mp4,98,3266,True,1125.45,274.65,1060.35,318.55,982.25,521.65,1120.62,627.74,1081.74,788.88,104.43,25.4,25.4,59.79,59.79
bulgarian_02.mp4,99,3300,True,1124.56,263.45,1060.61,308.66,985.81,514.51,1118.11,626.36,1081.63,789.47,107.06,24.31,24.31,58.78,58.78
bulgarian_02.mp4,100,3333,True,1123.6,253.24,1060.8,299.12,989.11,507.54,1115.06,625.26,1081.72,789.79,109.97,23.25,23.25,57.8,57.8
bulgarian_02.mp4,101,3366,True,1122.19,243.27,1060.89,290.24,992.19,501.22,1111.27,624.49,1081.78,790.03,113.16,22.21,22.21,56.74,56.74
bulgarian_02.mp4,102,3400,True,1120.91,233.87,1060.93,282.55,994.61,495.44,1107.46,623.93,1081.83,790.22,116.51,21.22,21.22,55.58,55.58
bulgarian_02.mp4,103,3433,True,1119.79,225.91,1060.96,276.45,996.65,490.69,1103.82,623.82,1081.8,790.67,119.94,20.32,20.32,54.33,54.33
bulgarian_02.mp4,104,3466,True,1118.85,219.87,1060.81,270.93,998.44,486.31,1101.27,623.62,1081.78,791.0,123.26,19.49,19.49,53.2,53.2
bulgarian_02.mp4,105,3500,True,1117.93,214.85,1060.71,266.79,1000.03,482.54,1099.6,623.39,1081.74,791.23,126.34,18.73,18.73,52.11,52.11
bulgarian_02.mp4,106,3533,True,1117.09,211.36,1060.61,263.66,1001.51,479.59,1098.52,623.35,1081.55,791.36,129.12,18.05,18.05,51.13,51.13
bulgarian_02.mp4,107,3566,True,1116.37,208.64,1060.21,261.11,1002.51,477.19,1097.71,623.1,1081.38,791.43,131.56,17.43,17.43,50.29,50.29
bulgarian_02.mp4,108,3600,True,1115.75,206.65,1059.92,259.61,1003.27,475.51,1096.97,623.0,1081.23,791.54,133.7,16.88,16.88,49.54,49.54
bulgarian_02.mp4,109,3633,True,1114.98,205.69,1059.34,258.53,1003.78,474.44,1096.37,623.05,1080.96,791.62,135.53,16.39,16.39,48.93,48.93
bulgarian_02.mp4,110,3666,True,1114.28,204.94,1058.72,257.83,1004.1,473.92,1095.82,623.11,1080.6,791.78,137.07,15.95,15.95,48.42,48.42
bulgarian_02.mp4,111,3700,True,1113.31,204.5,1058.1,257.59,1004.32,473.74,1094.68,623.21,1080.28,791.89,138.45,15.56,15.56,47.96,47.96
bulgarian_02.mp4,112,3733,True,1112.29,204.08,1057.09,257.45,1004.45,473.64,1093.5,623.29,1080.02,792.01,139.7,15.18,15.18,47.56,47.56
bulgarian_02.mp4,113,3766,True,1110.65,203.12,1055.75,257.21,1004.33,473.64,1092.36,623.75,1079.72,792.33,140.82,14.82,14.82,47.14,47.14
bulgarian_02.mp4,114,3800,True,1108.78,201.52,1054.23,256.8,1004.07,473.56,1091.22,624.18,1079.35,792.56,141.84,14.46,14.46,46.63,46.63
bulgarian_02.mp4,115,3833,True,1106.41,199.82,1052.58,256.01,1003.01,473.22,1090.26,624.48,1079.03,792.69,142.71,14.14,14.14,46.06,46.06
bulgarian_02.mp4,116,3866,True,1103.79,197.59,1050.97,254.84,1002.13,472.76,1089.47,624.7,1078.62,792.78,143.45,13.84,13.84,45.39,45.39
bulgarian_02.mp4,117,3900,True,1101.12,195.17,1049.09,252.96,1000.79,472.14,1088.92,624.86,1078.24,792.85,144.04,13.56,13.56,44.71,44.71
bulgarian_02.mp4,118,3933,True,1098.1,192.96,1047.14,250.97,999.54,471.3,1088.55,624.97,1077.83,792.9,144.48,13.28,13.28,44.03,44.03
bulgarian_02.mp4,119,3966,True,1094.14,191.18,1044.94,249.39,998.15,470.6,1088.37,625.05,1077.52,792.82,144.79,13.01,13.01,43.26,43.26
bulgarian_02.mp4,120,4000,True,1089.62,189.45,1042.77,248.25,996.84,469.98,1088.23,625.1,1077.27,792.76,144.98,12.75,12.75,42.32,42.32
bulgarian_02.mp4,121,4033,True,1085.36,188.11,1040.64,247.05,995.74,469.35,1088.09,625.43,1076.95,792.71,145.1,12.49,12.49,41.3,41.3
bulgarian_02.mp4,122,4066,True,1081.68,187.11,1039.08,246.19,994.95,468.99,1088.02,625.89,1076.66,792.78,145.17,12.23,12.23,40.2,40.2
bulgarian_02.mp4,123,4100,True,1078.69,186.23,1037.72,245.36,994.97,468.99,1087.98,626.07,1076.42,793.05,145.22,11.95,11.95,39.1,39.1
bulgarian_02.mp4,124,4133,True,1076.42,185.48,1036.38,244.37,995.47,469.24,1087.99,626.13,1076.27,793.19,145.27,11.62,11.62,38.12,38.12
bulgarian_02.mp4,125,4166,True,1074.53,184.88,1035.45,243.45,996.8,469.93,1088.01,626.14,1076.19,793.33,145.35,11.23,11.23,37.24,37.24
bulgarian_02.mp4,126,4200,True,1072.93,184.45,1034.55,242.7,997.89,470.58,1088.08,625.87,1076.1,793.16,145.43,10.81,10.81,36.47,36.47
bulgarian_02.mp4,127,4233,True,1071.2,184.16,1033.63,242.18,998.71,471.08,1088.15,625.6,1076.03,793.03,145.5,10.39,10.39,35.76,35.76
bulgarian_02.mp4,128,4266,True,1069.37,183.98,1032.55,241.82,999.17,471.45,1088.2,625.45,1075.98,792.96,145.56,9.96,9.96,35.1,35.1
bulgarian_02.mp4,129,4300,True,1067.3,183.87,1031.17,241.57,999.28,471.66,1088.22,625.39,1075.95,792.92,145.6,9.55,9.55,34.49,34.49
bulgarian_02.mp4,130,4333,True,1065.11,183.82,1029.48,241.42,998.98,471.64,1088.18,626.34,1075.97,792.89,145.65,9.15,9.15,33.94,33.94
bulgarian_02.mp4,131,4366,True,1062.44,183.74,1027.53,241.34,998.54,471.43,1088.13,627.02,1076.01,793.04,145.7,8.76,8.76,33.4,33.4
bulgarian_02.mp4,132,4400,True,1059.62,183.49,1025.33,241.37,997.99,471.24,1088.1,627.49,1076.03,793.24,145.73,8.36,8.36,32.85,32.85
bulgarian_02.mp4,133,4433,True,1056.32,183.16,1022.89,241.41,997.41,471.04,1088.08,627.79,1076.04,793.39,145.74,7.96,7.96,32.25,32.25
bulgarian_02.mp4,134,4466,True,1052.74,182.75,1020.56,241.45,997.33,470.96,1088.1,627.84,1076.07,793.45,145.75,7.52,7.52,31.55,31.55
bulgarian_02.mp4,135,4500,True,1048.93,182.26,1018.31,241.49,997.35,470.9,1088.11,627.64,1076.09,793.4,145.76,7.06,7.06,30.7,30.7
bulgarian_02.mp4,136,4533,True,1044.81,181.65,1015.48,241.37,997.37,470.74,1088.21,627.21,1076.08,793.32,145.74,6.55,6.55,29.79,29.79
bulgarian_04.mp4,0,0,True,1269.71,195.2,1178.84,244.11,1032.95,496.83,1120.42,723.13,1119.08,954.09,158.54,30.0,30.0,61.71,61.71
bulgarian_04.mp4,1,33,True,1269.5,197.04,1178.83,244.51,1032.95,497.11,1120.52,723.17,1119.04,954.1,158.52,30.0,30.0,61.84,61.84
bulgarian_04.mp4,2,66,True,1266.97,202.43,1177.74,247.48,1031.39,499.29,1121.21,723.26,1119.07,954.16,158.34,30.03,30.03,62.12,62.12
bulgarian_04.mp4,3,100,True,1264.32,208.89,1175.24,252.59,1027.36,503.75,1122.21,723.33,1119.15,954.21,157.85,30.12,30.12,62.47,62.47
bulgarian_04.mp4,4,133,True,1258.78,219.8,1170.44,262.81,1019.54,512.29,1123.28,724.17,1119.54,954.16,156.87,30.33,30.33,62.78,62.78
bulgarian_04.mp4,5,166,True,1252.74,229.39,1165.81,271.11,1012.57,519.67,1124.09,724.84,1120.28,953.83,155.6,30.6,30.6,63.1,63.1
bulgarian_04.mp4,6,200,True,1245.79,239.23,1160.66,280.02,1006.23,527.33,1124.97,725.33,1121.06,953.31,154.1,30.87,30.87,63.36,63.36
bulgarian_04.mp4,7,233,True,1237.89,251.75,1153.43,291.38,998.41,537.0,1125.65,726.51,1121.73,952.89,152.3,31.15,31.15,63.66,63.66
bulgarian_04.mp4,8,266,True,1230.75,265.15,1146.27,303.45,990.54,547.38,1126.49,728.03,1122.28,952.95,150.24,31.43,31.43,64.05,64.05
bulgarian_04.mp4,9,300,True,1223.81,279.7,1138.58,315.51,982.57,558.12,1127.34,729.7,1122.7,953.59,147.92,31.69,31.69,64.68,64.68
bulgarian_04.mp4,10,333,True,1217.8,293.72,1130.66,328.35,974.11,569.22,1128.29,730.89,1123.12,954.07,145.34,31.96,31.96,65.41,65.41
bulgarian_04.mp4,11,366,True,1211.41,308.36,1122.58,341.22,965.61,581.39,1129.26,730.94,1123.55,953.73,142.46,32.2,32.2,66.27,66.27
bulgarian_04.mp4,12,400,True,1203.49,323.27,1113.09,355.27,957.11,594.7,1130.29,730.91,1123.91,953.2,139.28,32.38,32.38,67.12,67.12
bulgarian_04.mp4,13,433,True,1195.5,337.04,1104.23,369.06,950.12,606.63,1131.33,730.61,1124.27,952.8,135.94,32.5,32.5,67.83,67.83
bulgarian_04.mp4,14,466,True,1187.87,349.94,1095.42,382.23,943.55,618.83,1132.23,730.24,1124.75,952.47,132.47,32.54,32.54,68.41,68.41
bulgarian_04.mp4,15,500,True,1180.92,361.94,1087.29,394.35,938.15,630.69,1133.0,729.86,1125.32,952.21,128.98,32.48,32.48,68.91,68.91
bulgarian_04.mp4,16,533,True,1174.25,372.88,1079.49,406.01,933.65,642.23,1133.62,729.55,1125.64,952.03,125.49,32.32,32.32,69.27,69.27
bulgarian_04.mp4,17,566,True,1167.02,383.48,1071.65,416.92,929.38,652.87,1134.07,729.31,1125.79,951.9,122.06,32.08,32.08,69.55,69.55
bulgarian_04.mp4,18,600,True,1160.67,393.53,1064.62,427.76,925.46,663.15,1134.38,729.32,1125.98,951.8,118.73,31.78,31.78,69.72,69.72
bulgarian_04.mp4,19,633,True,1155.01,403.01,1058.37,437.82,921.76,673.07,1134.3,729.47,1126.13,951.68,115.54,31.45,31.45,69.81,69.81
bulgarian_04.mp4,20,666,True,1150.07,411.69,1053.14,447.2,918.8,681.7,1134.14,729.72,1126.2,951.59,112.53,31.12,31.12,69.83,69.83
bulgarian_04.mp4,21,700,True,1145.37,419.55,1048.49,455.93,915.91,690.05,1133.86,730.04,1126.24,951.27,109.71,30.8,30.8,69.75,69.75
bulgarian_04.mp4,22,733,True,1141.03,427.65,1044.24,464.42,912.72,698.64,1133.29,730.3,1126.28,951.04,107.04,30.5,30.5,69.64,69.64
bulgarian_04.mp4,23,766,True,1137.44,435.03,1040.62,472.28,910.25,706.15,1132.56,730.58,1126.36,950.83,104.56,30.23,30.23,69.5,69.5
bulgarian_04.mp4,24,800,True,1134.48,441.76,1037.59,479.16,907.99,712.5,1131.61,730.95,1126.39,950.66,102.32,29.99,29.99,69.38,69.38
bulgarian_04.mp4,25,833,True,1132.06,447.76,1035.25,484.89,905.78,718.1,1130.39,731.42,1126.38,950.56,100.33,29.8,29.8,69.31,69.31
bulgarian_04.mp4,26,866,True,1130.15,452.61,1033.51,489.64,904.02,723.22,1128.83,732.64,1126.35,950.5,98.61,29.64,29.64,69.25,69.25
bulgarian_04.mp4,27,900,True,1128.61,457.23,1031.83,493.85,902.34,727.54,1127.65,733.53,1126.33,950.45,97.12,29.51,29.51,69.26,69.26
bulgarian_04.mp4,28,933,True,1127.39,461.29,1030.51,497.77,900.91,731.26,1126.7,734.18,1126.28,950.44,95.83,29.42,29.42,69.28,69.28
bulgarian_04.mp4,29,966,True,1126.37,464.74,1029.3,501.1,899.66,734.64,1125.95,734.69,1126.24,950.6,94.68,29.34,29.34,69.32,69.32
bulgarian_04.mp4,30,1000,True,1125.56,467.66,1028.5,503.67,898.83,737.6,1125.35,735.18,1126.24,950.97,93.67,29.27,29.27,69.38,69.38
bulgarian_04.mp4,31,1033,True,1124.88,469.94,1027.9,505.76,898.26,740.09,1125.05,735.38,1126.25,951.39,92.76,29.21,29.21,69.45,69.45
bulgarian_04.mp4,32,1066,True,1124.36,471.72,1027.49,507.48,897.9,742.25,1124.94,735.43,1126.27,951.75,91.93,29.15,29.15,69.51,69.51
bulgarian_04.mp4,33,1100,True,1124.02,473.09,1027.2,508.88,897.68,743.92,1125.0,735.38,1126.28,951.98,91.19,29.09,29.09,69.55,69.55
bulgarian_04.mp4,34,1133,True,1123.8,474.0,1027.04,509.9,897.55,745.04,1125.26,735.3,1126.29,952.15,90.51,29.04,29.04,69.57,69.57
bulgarian_04.mp4,35,1166,True,1123.65,474.79,1026.88,511.02,897.53,745.96,1125.51,735.24,1126.26,952.22,89.91,29.0,29.0,69.55,69.55
bulgarian_04.mp4,36,1200,True,1123.57,475.21,1026.89,511.67,897.63,746.49,1125.8,735.12,1126.24,952.05,89.38,28.96,28.96,69.51,69.51
bulgarian_04.mp4,37,1233,True,1123.71,475.4,1026.89,512.1,897.83,746.8,1126.02,735.27,1126.19,951.87,88.94,28.93,28.93,69.45,69.45
bulgarian_04.mp4,38,1266,True,1123.92,475.03,1027.16,512.25,898.02,746.44,1126.25,735.35,1126.16,951.76,88.59,28.92,28.92,69.35,69.35
bulgarian_04.mp4,39,1300,True,1124.36,473.94,1027.94,511.56,898.17,745.19,1126.43,735.58,1126.14,951.77,88.37,28.95,28.95,69.22,69.22
bulgarian_04.mp4,40,1333,True,1125.35,471.86,1029.49,509.68,898.54,743.25,1126.57,735.75,1126.11,951.81,88.3,29.01,29.01,69.07,69.07
bulgarian_04.mp4,41,1366,True,1126.84,468.68,1031.06,506.56,898.83,740.43,1126.68,735.56,1126.07,951.84,88.36,29.11,29.11,68.94,68.94
bulgarian_04.mp4,42,1400,True,1128.78,462.92,1033.11,500.18,899.09,734.56,1126.82,735.44,1126.09,951.82,88.69,29.24,29.24,68.9,68.9
bulgarian_04.mp4,43,1433,True,1130.9,454.88,1035.06,492.02,899.48,727.31,1126.97,735.24,1126.12,951.72,89.31,29.38,29.38,68.88,68.88
bulgarian_04.mp4,44,1466,True,1133.04,445.62,1037.69,482.98,900.44,718.54,1127.09,734.92,1126.26,951.61,90.23,29.55,29.55,68.82,68.82
bulgarian_04.mp4,45,1500,True,1135.47,435.32,1040.99,473.28,902.07,708.63,1127.18,733.84,1126.37,951.29,91.42,29.75,29.75,68.68,68.68
bulgarian_04.mp4,46,1533,True,1138.04,423.76,1043.82,462.56,903.63,697.85,1127.37,732.16,1126.45,951.01,92.83,29.96,29.96,68.47,68.47
bulgarian_04.mp4,47,1566,True,1140.69,409.73,1047.27,448.46,905.15,685.97,1127.18,730.42,1126.52,950.81,94.49,30.15,30.15,68.27,68.27
bulgarian_04.mp4,48,1600,True,1143.15,394.32,1050.7,433.02,907.2,673.62,1126.69,728.49,1126.47,950.33,96.39,30.28,30.28,68.07,68.07
bulgarian_04.mp4,49,1633,True,1145.66,378.0,1053.51,416.65,909.71,660.79,1125.64,727.12,1126.42,949.82,98.57,30.32,30.32,67.91,67.91
bulgarian_04.mp4,50,1666,True,1148.04,361.01,1055.99,399.97,912.96,647.26,1123.33,727.12,1126.25,950.02,101.16,30.27,30.27,67.74,67.74
bulgarian_04.mp4,51,1700,True,1150.31,343.4,1058.62,383.16,916.76,634.1,1121.27,727.94,1125.77,951.0,104.09,30.11,30.11,67.5,67.5
bulgarian_04.mp4,52,1733,True,1152.65,324.67,1061.41,364.16,922.55,619.42,1119.19,728.56,1125.11,951.71,107.38,29.8,29.8,67.32,67.32
bulgarian_04.mp4,53,1766,True,1155.52,306.1,1064.06,345.49,927.88,604.99,1116.56,728.71,1124.37,952.23,110.96,29.38,29.38,67.2,67.2
bulgarian_04.mp4,54,1800,True,1157.94,287.65,1066.49,327.33,934.1,591.28,1113.65,728.67,1123.6,952.6,114.76,28.83,28.83,67.07,67.07
bulgarian_04.mp4,55,1833,True,1160.1,270.56,1068.6,309.62,941.06,577.58,1110.57,728.21,1122.92,952.78,118.76,28.15,28.15,67.03,67.03
bulgarian_04.mp4,56,1866,True,1161.75,254.71,1070.42,293.53,948.36,565.05,1107.91,727.67,1122.33,952.9,122.85,27.36,27.36,67.02,67.02
bulgarian_04.mp4,57,1900,True,1163.39,239.33,1073.08,277.92,957.18,553.04,1105.25,727.08,1121.74,953.15,127.04,26.46,26.46,66.99,66.99
bulgarian_04.mp4,58,1933,True,1165.48,224.87,1075.44,263.59,965.87,541.93,1102.66,726.45,1121.1,953.95,131.25,25.47,25.47,66.94,66.94
bulgarian_04.mp4,59,1966,True,1167.33,212.01,1077.84,250.8,974.22,531.31,1100.0,725.12,1120.63,954.27,135.43,24.43,24.43,66.86,66.86
bulgarian_04.mp4,60,2000,True,1169.23,201.18,1080.52,240.69,981.66,521.99,1097.58,723.54,1120.27,953.73,139.49,23.41,23.41,66.69,66.69
bulgarian_04.mp4,61,2033,True,1170.68,192.09,1082.77,232.72,988.15,514.07,1095.88,722.11,1119.99,953.1,143.31,22.45,22.45,66.39,66.39
bulgarian_04.mp4,62,2066,True,1172.09,184.52,1085.07,226.62,994.27,507.14,1094.56,720.95,1119.76,952.59,146.86,21.55,21.55,65.95,65.95
bulgarian_04.mp4,63,2100,True,1173.53,178.42,1087.26,221.65,999.39,501.84,1093.53,719.34,1119.45,951.77,150.08,20.72,20.72,65.43,65.43
bulgarian_04.mp4,64,2133,True,1175.0,173.59,1089.39,217.83,1003.56,497.83,1092.76,717.86,1119.17,950.89,152.94,19.98,19.98,64.88,64.88
bulgarian_04.mp4,65,2166,True,1176.62,170.26,1091.16,215.17,1006.65,494.83,1092.22,716.81,1118.95,950.36,155.45,19.35,19.35,64.36,64.36
bulgarian_04.mp4,66,2200,True,1178.26,167.79,1092.67,213.57,1008.81,492.72,1091.8,715.99,1118.74,949.9,157.59,18.82,18.82,63.86,63.86
bulgarian_04.mp4,67,2233,True,1179.64,165.99,1093.85,212.48,1010.29,491.23,1091.49,715.53,1118.57,949.71,159.41,18.4,18.4,63.4,63.4
bulgarian_04.mp4,68,2266,True,1180.8,164.75,1094.75,211.96,1011.31,490.29,1091.27,715.21,1118.45,949.55,160.94,18.05,18.05,62.97,62.97
bulgarian_04.mp4,69,2300,True,1181.82,163.96,1095.47,211.81,1011.97,489.61,1091.12,714.99,1118.35,949.42,162.21,17.79,17.79,62.58,62.58
bulgarian_04.mp4,70,2333,True,1182.6,163.58,1095.96,211.71,1012.29,489.2,1090.94,714.88,1118.36,949.55,163.26,17.59,17.59,62.25,62.25
bulgarian_04.mp4,71,2366,True,1183.18,163.38,1096.3,211.8,1012.4,488.93,1090.81,714.81,1118.43,949.62,164.12,17.44,17.44,61.98,61.98
bulgarian_04.mp4,72,2400,True,1183.6,163.39,1096.54,211.83,1012.45,488.73,1090.74,714.81,1118.52,949.76,164.82,17.33,17.33,61.76,61.76
bulgarian_04.mp4,73,2433,True,1183.87,163.51,1096.66,211.94,1012.47,488.67,1090.71,714.84,1118.61,949.79,165.4,17.25,17.25,61.6,61.6
bulgarian_04.mp4,74,2466,True,1184.04,163.74,1096.7,212.05,1012.3,488.67,1090.75,714.87,1118.61,949.77,165.84,17.19,17.19,61.49,61.49
bulgarian_04.mp4,75,2500,True,1183.91,164.32,1096.34,213.05,1011.46,489.17,1091.09,714.9,1118.6,949.7,166.13,17.17,17.17,61.37,61.37
bulgarian_04.mp4,76,2533,True,1183.7,165.82,1095.62,214.87,1009.79,490.42,1091.95,715.07,1118.59,949.66,166.18,17.2,17.2,61.28,61.28
bulgarian_04.mp4,77,2566,True,1183.09,169.37,1094.66,218.92,1006.9,493.74,1093.58,715.63,1118.59,949.76,165.9,17.3,17.3,61.17,61.17
bulgarian_04.mp4,78,2600,True,1182.44,175.37,1093.39,225.18,1003.0,498.35,1095.53,716.09,1118.61,949.98,165.24,17.5,17.5,61.09,61.09
bulgarian_04.mp4,79,2633,True,1181.81,183.39,1092.14,233.14,998.52,504.56,1098.74,717.28,1118.68,950.2,164.12,17.81,17.81,61.07,61.07
bulgarian_04.mp4,80,2666,True,1181.05,193.13,1090.66,242.35,993.04,511.61,1102.52,718.45,1118.61,950.32,162.51,18.23,18.23,61.14,61.14
bulgarian_04.mp4,81,2700,True,1180.23,204.28,1089.41,253.46,987.39,520.41,1106.67,719.62,1118.6,950.31,160.42,18.77,18.77,61.23,61.23
bulgarian_04.mp4,82,2733,True,1179.26,217.86,1087.55,266.94,980.81,531.2,1110.71,720.84,1118.6,950.27,157.85,19.41,19.41,61.35,61.35
bulgarian_04.mp4,83,2766,True,1177.99,233.02,1085.03,281.19,973.1,542.82,1114.06,722.35,1118.83,950.16,154.89,20.16,20.16,61.6,61.6
bulgarian_04.mp4,84,2800,True,1176.65,248.42,1082.26,295.62,965.44,554.56,1116.73,723.83,1119.59,950.06,151.7,20.99,20.99,61.97,61.97
bulgarian_04.mp4,85,2833,True,1175.33,263.3,1079.51,309.74,958.2,566.0,1119.44,725.05,1120.16,950.02,148.32,21.86,21.86,62.4,62.4
bulgarian_04.mp4,86,2866,True,1174.0,278.67,1076.87,324.04,951.46,577.24,1121.95,726.32,1120.68,950.42,144.82,22.76,22.76,62.91,62.91
bulgarian_04.mp4,87,2900,True,1171.79,295.0,1074.03,339.95,945.5,589.02,1124.09,727.35,1121.1,950.84,141.26,23.66,23.66,63.39,63.39
bulgarian_04.mp4,88,2933,True,1168.87,310.82,1070.92,355.81,940.22,601.0,1125.59,728.07,1121.66,950.98,137.69,24.54,24.54,63.78,63.78
bulgarian_04.mp4,89,2966,True,1165.86,325.4,1067.77,370.24,935.82,612.46,1126.8,728.59,1122.44,951.05,134.19,25.35,25.35,64.11,64.11
bulgarian_04.mp4,90,3000,True,1162.73,338.97,1064.56,383.62,932.15,623.6,1128.07,728.98,1123.14,951.11,130.75,26.06,26.06,64.4,64.4
bulgarian_04.mp4,91,3033,True,1159.68,352.1,1061.28,395.86,929.11,634.21,1129.34,729.27,1123.58,951.2,127.38,26.65,26.65,64.72,64.72
bulgarian_04.mp4,92,3066,True,1156.11,365.58,1057.53,408.55,925.61,644.3,1130.5,729.14,1123.91,951.28,124.06,27.16,27.16,65.07,65.07
bulgarian_04.mp4,93,3100,True,1152.28,378.03,1053.51,420.19,921.87,653.75,1131.32,728.95,1124.17,951.52,120.83,27.61,27.61,65.43,65.43
bulgarian_04.mp4,94,3133,True,1148.39,389.83,1049.48,431.58,918.85,662.79,1131.94,728.8,1124.37,951.75,117.72,27.98,27.98,65.77,65.77
bulgarian_04.mp4,95,3166,True,1144.62,400.16,1045.25,441.96,915.65,671.39,1132.3,728.7,1124.39,951.93,114.73,28.28,28.28,66.05,66.05
bulgarian_04.mp4,96,3200,True,1140.76,409.6,1041.12,451.59,912.51,679.37,1132.27,728.64,1124.41,952.05,111.91,28.51,28.51,66.27,66.27
bulgarian_04.mp4,97,3233,True,1136.9,417.99,1037.29,459.99,909.49,687.17,1131.85,728.98,1124.5,951.93,109.28,28.68,28.68,66.44,66.44
bulgarian_04.mp4,98,3266,True,1132.71,425.99,1033.18,468.03,906.52,695.22,1130.64,729.36,1124.59,951.83,106.85,28.77,28.77,66.58,66.58
bulgarian_04.mp4,99,3300,True,1128.54,432.59,1029.05,475.12,904.21,702.72,1129.46,730.01,1124.72,951.83,104.61,28.77,28.77,66.63,66.63
bulgarian_04.mp4,100,3333,True,1125.05,438.2,1025.31,481.33,902.64,709.67,1128.26,730.65,1124.79,951.8,102.57,28.66,28.66,66.63,66.63
bulgarian_04.mp4,101,3366,True,1121.76,443.07,1021.8,486.67,901.54,715.75,1127.07,731.27,1124.71,951.59,100.72,28.47,28.47,66.59,66.59
bulgarian_04.mp4,102,3400,True,1118.7,447.17,1018.83,491.03,900.75,721.14,1125.95,731.89,1124.46,951.43,99.05,28.21,28.21,66.53,66.53
bulgarian_04.mp4,103,3433,True,1115.89,450.92,1016.28,495.44,900.26,726.09,1124.92,732.45,1124.19,951.27,97.52,27.91,27.91,66.41,66.41
bulgarian_04.mp4,104,3466,True,1113.43,454.39,1014.08,499.18,899.92,730.55,1124.11,733.02,1124.03,951.13,96.14,27.58,27.58,66.27,66.27
bulgarian_04.mp4,105,3500,True,1111.41,457.85,1012.39,502.33,899.65,734.81,1123.4,733.79,1123.87,950.9,94.89,27.24,27.24,66.18,66.18
bulgarian_04.mp4,106,3533,True,1109.88,460.99,1011.24,505.45,899.48,738.62,1122.88,734.33,1123.7,950.58,93.73,26.91,26.91,66.09,66.09
bulgarian_04.mp4,107,3566,True,1108.83,463.8,1010.56,508.39,899.39,742.17,1122.49,734.73,1123.56,950.32,92.66,26.62,26.62,65.99,65.99
bulgarian_04.mp4,108,3600,True,1108.14,466.15,1010.17,510.89,899.3,745.33,1122.21,735.02,1123.47,950.12,91.67,26.35,26.35,65.88,65.88
bulgarian_04.mp4,109,3633,True,1107.71,467.78,1009.96,512.49,899.1,747.73,1122.01,735.23,1123.39,950.02,90.76,26.13,26.13,65.79,65.79
bulgarian_04.mp4,110,3666,True,1107.46,469.13,1010.1,514.23,898.92,749.31,1122.58,735.56,1123.36,949.99,89.95,25.97,25.97,65.66,65.66
bulgarian_04.mp4,111,3700,True,1107.29,470.19,1010.41,515.57,898.79,750.59,1123.39,735.94,1123.35,949.95,89.21,25.85,25.85,65.51,65.51
bulgarian_04.mp4,112,3733,True,1107.33,471.04,1011.09,516.46,898.69,751.35,1124.0,736.22,1123.48,949.97,88.57,25.8,25.8,65.35,65.35
bulgarian_04.mp4,113,3766,True,1107.61,471.6,1011.75,517.01,898.62,751.74,1124.39,737.03,1123.58,950.02,88.07,25.78,25.78,65.21,65.21
bulgarian_04.mp4,114,3800,True,1108.3,471.94,1012.95,517.38,898.82,751.91,1124.87,737.56,1123.67,950.06,87.66,25.82,25.82,65.08,65.08
bulgarian_04.mp4,115,3833,True,1109.16,472.24,1014.34,517.8,899.11,751.98,1125.95,737.94,1123.74,950.09,87.3,25.89,25.89,64.93,64.93
bulgarian_04.mp4,116,3866,True,1109.89,472.4,1015.52,518.04,899.37,752.0,1126.75,738.12,1123.82,950.05,86.99,26.0,26.0,64.78,64.78
bulgarian_04.mp4,117,3900,True,1110.61,472.5,1016.53,518.21,899.64,751.98,1127.68,738.26,1123.87,950.03,86.69,26.11,26.11,64.64,64.64
bulgarian_04.mp4,118,3933,True,1111.18,472.55,1017.32,518.29,899.86,751.94,1128.29,738.29,1123.95,949.95,86.44,26.23,26.23,64.52,64.52
bulgarian_04.mp4,119,3966,True,1111.69,472.57,1017.97,518.34,900.09,751.9,1128.93,738.32,1124.01,949.9,86.2,26.34,26.34,64.41,64.41
bulgarian_04.mp4,120,4000,True,1112.09,472.58,1018.47,518.36,900.28,751.85,1129.28,738.26,1124.09,949.8,86.0,26.44,26.44,64.32,64.32
bulgarian_04.mp4,121,4033,True,1112.44,472.57,1018.87,518.36,900.47,751.8,1129.7,738.24,1124.17,949.72,85.83,26.53,26.53,64.24,64.24
bulgarian_05.mp4,0,0,True,1351.35,151.09,1218.48,172.18,991.9,449.82,1107.4,681.55,1122.95,924.17,157.17,39.22,39.22,80.98,80.98
bulgarian_05.mp4,1,33,True,1350.06,151.42,1218.31,172.18,990.97,450.69,1107.4,681.55,1123.61,923.44,157.15,39.22,39.22,80.99,80.99
bulgarian_05.mp4,2,66,True,1348.76,153.41,1217.45,175.61,989.41,454.75,1107.52,681.58,1124.59,922.73,157.03,39.23,39.23,80.87,80.87
bulgarian_05.mp4,3,100,True,1340.59,156.42,1207.42,182.23,985.06,460.43,1107.82,681.43,1126.45,921.66,156.7,39.11,39.11,80.51,80.51
bulgarian_05.mp4,4,133,True,1331.79,158.58,1198.24,188.84,980.09,465.73,1108.01,681.31,1128.42,920.11,156.2,38.93,38.93,79.85,79.85
bulgarian_05.mp4,5,166,True,1312.28,160.77,1186.39,195.47,974.71,471.78,1107.94,680.91,1129.95,918.76,155.52,38.64,38.64,78.8,78.8
bulgarian_05.mp4,6,200,True,1288.09,163.98,1169.98,202.14,969.45,479.03,1108.0,680.55,1131.31,917.69,154.64,38.09,38.09,77.46,77.46
bulgarian_05.mp4,7,233,True,1258.84,175.2,1153.39,218.85,965.08,488.68,1108.36,680.27,1132.28,916.3,153.51,37.46,37.46,75.47,75.47
bulgarian_05.mp4,8,266,True,1237.04,182.89,1139.3,233.33,960.21,498.72,1108.86,680.0,1132.93,915.49,152.1,36.77,36.77,72.92,72.92
bulgarian_05.mp4,9,300,True,1215.6,190.52,1123.53,245.17,955.98,507.72,1110.74,680.7,1133.27,914.97,150.42,35.92,35.92,70.19,70.19
bulgarian_05.mp4,10,333,True,1195.78,203.93,1114.05,258.51,952.15,519.82,1113.06,681.71,1132.67,914.52,148.33,35.09,35.09,67.41,67.41
bulgarian_05.mp4,11,366,True,1172.88,214.04,1107.19,271.31,948.8,532.53,1115.65,683.6,1131.61,914.22,145.89,34.32,34.32,63.71,63.71
bulgarian_05.mp4,12,400,True,1158.92,223.05,1099.13,284.75,945.2,546.27,1118.41,685.53,1130.26,914.01,143.07,33.55,33.55,59.79,59.79
bulgarian_05.mp4,13,433,True,1151.33,233.27,1092.54,298.56,941.01,559.07,1120.8,687.51,1129.25,914.52,139.99,32.88,32.88,56.23,56.23
bulgarian_05.mp4,14,466,True,1148.87,244.9,1088.92,307.14,937.3,568.02,1122.55,688.98,1128.48,915.31,136.92,32.34,32.34,53.77,53.77
bulgarian_05.mp4,15,500,True,1147.69,254.69,1087.36,317.54,934.33,576.86,1123.92,690.02,1127.96,916.38,133.9,31.98,31.98,51.78,51.78
bulgarian_05.mp4,16,533,True,1147.77,266.62,1085.83,329.43,931.31,585.86,1124.87,690.91,1127.57,917.12,130.96,31.8,31.8,50.35,50.35
bulgarian_05.mp4,17,566,True,1148.4,281.57,1083.15,341.91,928.95,595.2,1125.56,691.51,1127.8,917.67,128.1,31.7,31.7,49.72,49.72
bulgarian_05.mp4,18,600,True,1149.24,295.52,1079.62,354.09,926.44,605.28,1126.19,691.93,1128.12,918.01,125.27,31.64,31.64,49.76,49.76
bulgarian_05.mp4,19,633,True,1150.09,306.21,1077.17,363.65,924.84,612.16,1127.67,692.21,1128.5,918.2,122.56,31.61,31.61,50.17,50.17
bulgarian_05.mp4,20,666,True,1150.25,317.72,1073.13,373.95,923.04,621.08,1128.77,692.39,1128.95,918.33,119.88,31.54,31.54,50.91,50.91
bulgarian_05.mp4,21,700,True,1150.26,327.87,1069.33,384.43,921.7,628.94,1128.64,694.72,1129.24,919.03,117.46,31.46,31.46,51.74,51.74
bulgarian_05.mp4,22,733,True,1150.12,336.91,1065.68,393.12,920.74,635.23,1128.44,696.39,1129.28,919.53,115.3,31.35,31.35,52.66,52.66
bulgarian_05.mp4,23,766,True,1149.87,345.94,1063.38,402.27,920.03,643.38,1128.18,698.03,1129.21,919.7,113.23,31.23,31.23,53.51,53.51
bulgarian_05.mp4,24,800,True,1149.59,353.14,1061.44,410.19,919.56,648.86,1127.98,700.26,1128.92,920.79,111.41,31.13,31.13,54.23,54.23
bulgarian_05.mp4,25,833,True,1149.26,359.24,1059.39,418.22,918.73,655.06,1127.38,701.72,1128.3,920.78,109.69,31.04,31.04,54.73,54.73
bulgarian_05.mp4,26,866,True,1149.01,365.82,1057.49,425.82,918.13,661.33,1126.96,702.67,1127.76,920.61,108.04,30.96,30.96,55.13,55.13
bulgarian_05.mp4,27,900,True,1148.7,373.1,1055.4,432.07,916.87,666.98,1126.65,703.55,1127.15,920.75,106.43,30.87,30.87,55.65,55.65
bulgarian_05.mp4,28,933,True,1148.33,379.83,1054.03,437.1,915.98,672.42,1126.71,704.24,1126.72,921.33,104.86,30.78,30.78,56.26,56.26
bulgarian_05.mp4,29,966,True,1147.31,386.49,1053.14,441.05,915.34,677.09,1127.19,704.74,1126.33,921.75,103.33,30.68,30.68,56.99,56.99
bulgarian_05.mp4,30,1000,True,1146.59,391.96,1052.08,445.97,914.92,680.76,1127.94,705.22,1126.15,922.45,101.88,30.6,30.6,57.65,57.65
bulgarian_05.mp4,31,1033,True,1146.04,396.23,1051.29,449.62,914.61,683.34,1128.58,705.58,1126.16,922.96,100.57,30.54,30.54,58.24,58.24
bulgarian_05.mp4,32,1066,True,1145.66,399.3,1050.74,451.21,914.41,685.71,1129.1,705.86,1126.09,922.91,99.37,30.47,30.47,58.85,58.85
bulgarian_05.mp4,33,1100,True,1145.46,402.22,1050.4,452.95,914.42,687.6,1129.64,706.05,1125.99,922.9,98.28,30.39,30.39,59.47,59.47
bulgarian_05.mp4,34,1133,True,1145.32,404.59,1050.21,454.08,914.68,688.79,1130.03,706.18,1125.91,922.9,97.33,30.32,30.32,60.08,60.08
bulgarian_05.mp4,35,1166,True,1145.28,405.68,1050.58,454.59,915.27,689.54,1130.59,706.02,1125.78,922.37,96.48,30.24,30.24,60.6,60.6
bulgarian_05.mp4,36,1200,True,1145.28,406.37,1050.91,454.7,916.5,689.91,1131.42,705.85,1125.59,921.85,95.73,30.14,30.14,61.05,61.05
bulgarian_05.mp4,37,1233,True,1145.64,404.86,1051.18,453.0,917.43,687.5,1132.47,705.36,1125.42,920.91,95.16,30.05,30.05,61.44,61.44
bulgarian_05.mp4,38,1266,True,1147.14,398.35,1053.57,448.07,919.63,682.28,1135.0,703.41,1125.8,920.05,94.76,29.99,29.99,61.56,61.56
bulgarian_05.mp4,39,1300,True,1150.5,391.72,1057.36,441.99,921.85,676.99,1136.77,702.0,1126.09,918.91,94.57,29.99,29.99,61.58,61.58
bulgarian_05.mp4,40,1333,True,1152.91,385.21,1060.65,435.59,923.42,670.15,1138.35,700.45,1126.33,917.83,94.63,30.06,30.06,61.53,61.53
bulgarian_05.mp4,41,1366,True,1154.58,378.04,1063.09,431.13,925.04,663.05,1139.49,699.1,1127.23,916.19,94.96,30.2,30.2,61.2,61.2
bulgarian_05.mp4,42,1400,True,1155.73,368.46,1065.67,423.36,927.24,653.83,1141.45,697.18,1127.91,915.02,95.55,30.36,30.36,60.69,60.69
bulgarian_05.mp4,43,1433,True,1156.28,356.32,1068.61,413.18,929.37,644.35,1142.92,695.27,1128.91,912.69,96.38,30.5,30.5,59.96,59.96
bulgarian_05.mp4,44,1466,True,1155.55,346.46,1070.93,403.4,931.26,636.34,1144.69,693.34,1129.65,911.1,97.31,30.59,30.59,59.18,59.18
bulgarian_05.mp4,45,1500,True,1155.39,336.59,1072.48,392.67,932.75,628.22,1146.15,691.56,1130.62,910.02,98.34,30.61,30.61,58.53,58.53
bulgarian_05.mp4,46,1533,True,1155.35,323.84,1075.14,379.22,934.03,619.42,1147.18,689.88,1130.76,909.28,99.47,30.57,30.57,57.9,57.9
bulgarian_05.mp4,47,1566,True,1155.7,305.26,1078.23,362.3,935.34,608.26,1147.86,688.62,1130.88,909.25,100.84,30.49,30.49,57.05,57.05
bulgarian_05.mp4,48,1600,True,1156.41,284.52,1082.4,343.58,936.84,595.7,1148.05,687.77,1130.97,910.18,102.51,30.39,30.39,55.92,55.92
bulgarian_05.mp4,49,1633,True,1157.62,263.98,1084.6,328.49,938.84,584.66,1148.0,687.2,1131.0,911.37,104.36,30.24,30.24,54.44,54.44
bulgarian_05.mp4,50,1666,True,1158.61,246.63,1087.48,313.35,941.42,572.43,1146.96,686.81,1131.02,912.68,106.5,30.07,30.07,52.92,52.92
bulgarian_05.mp4,51,1700,True,1197.79,222.92,1099.47,288.69,945.42,557.41,1144.54,685.92,1130.94,914.0,109.08,30.02,30.02,53.58,53.58
bulgarian_05.mp4,52,1733,True,1225.37,206.34,1115.18,271.9,950.17,542.47,1141.86,684.9,1130.91,915.76,112.05,30.29,30.29,54.71,54.71
bulgarian_05.mp4,53,1766,True,1252.78,192.1,1132.42,249.49,954.89,526.73,1136.91,683.99,1130.88,916.81,115.51,30.76,30.76,56.67,56.67
bulgarian_05.mp4,54,1800,True,1273.12,181.56,1147.65,229.06,958.66,514.05,1132.85,683.26,1131.31,917.35,119.16,31.32,31.32,59.19,59.19
bulgarian_05.mp4,55,1833,True,1290.11,175.65,1158.44,214.35,961.85,503.46,1127.77,682.48,1131.92,917.24,122.97,31.9,31.9,62.08,62.08
bulgarian_05.mp4,56,1866,True,1303.73,169.73,1168.52,200.13,965.54,494.0,1124.26,681.92,1132.56,917.14,126.74,32.45,32.45,65.13,65.13
bulgarian_05.mp4,57,1900,True,1314.06,163.97,1176.98,186.0,970.27,484.34,1120.12,681.21,1134.21,917.24,130.62,32.9,32.9,68.28,68.28
bulgarian_05.mp4,58,1933,True,1320.75,157.13,1182.82,172.53,974.95,476.73,1116.64,680.69,1134.52,919.03,134.4,33.19,33.19,71.35,71.35
bulgarian_05.mp4,59,1966,True,1325.62,151.84,1186.93,163.21,979.07,470.74,1113.42,680.31,1133.55,921.17,137.94,33.36,33.36,74.14,74.14
bulgarian_05.mp4,60,2000,True,1329.17,147.51,1190.06,155.74,982.77,466.12,1110.53,680.15,1131.59,923.48,141.17,33.44,33.44,76.63,76.63
bulgarian_05.mp4,61,2033,True,1330.5,142.4,1191.87,150.25,985.84,463.31,1108.03,680.07,1130.08,925.48,144.08,33.42,33.42,78.66,78.66
bulgarian_05.mp4,62,2066,True,1321.95,138.71,1192.63,148.23,988.37,461.96,1104.98,681.0,1128.82,927.54,146.77,33.35,33.35,80.09,80.09
bulgarian_05.mp4,63,2100,True,1309.6,135.73,1189.66,147.82,990.68,460.35,1102.28,681.76,1128.2,929.04,149.26,33.18,33.18,80.92,80.92
bulgarian_05.mp4,64,2133,True,1313.4,134.13,1189.76,147.5,993.33,458.43,1100.03,682.42,1128.0,930.13,151.6,33.0,33.0,81.5,81.5
bulgarian_05.mp4,65,2166,True,1302.76,130.37,1189.8,146.43,996.09,457.0,1098.5,683.06,1127.93,931.17,153.76,32.79,32.79,81.58,81.58
bulgarian_05.mp4,66,2200,True,1296.01,127.23,1189.04,145.17,997.8,455.92,1097.49,683.6,1127.9,931.51,155.68,32.55,32.55,81.36,81.36
bulgarian_05.mp4,67,2233,True,1290.49,125.51,1187.15,144.59,998.86,455.36,1096.86,684.01,1127.89,931.76,157.33,32.28,32.28,81.0,81.0
bulgarian_05.mp4,68,2266,True,1283.63,124.71,1182.94,145.19,999.27,455.02,1096.42,684.24,1127.83,931.83,158.72,31.96,31.96,80.5,80.5
bulgarian_05.mp4,69,2300,True,1285.71,125.29,1179.85,146.58,999.1,454.84,1096.47,684.15,1127.6,931.91,159.8,31.64,31.64,80.12,80.12
bulgarian_05.mp4,70,2333,True,1287.29,126.07,1179.13,147.64,998.25,455.37,1096.92,684.1,1127.13,932.02,160.56,31.4,31.4,79.84,79.84
bulgarian_05.mp4,71,2366,True,1287.33,128.91,1178.59,152.27,995.88,457.44,1097.93,683.96,1126.79,932.07,160.93,31.31,31.31,79.45,79.45
bulgarian_05.mp4,72,2400,True,1287.64,131.57,1177.45,157.7,991.55,461.04,1101.38,683.72,1126.53,931.82,160.65,31.34,31.34,78.89,78.89
bulgarian_05.mp4,73,2433,True,1298.07,135.21,1177.31,163.19,986.53,465.33,1104.43,682.84,1127.06,930.85,159.87,31.53,31.53,78.51,78.51
bulgarian_05.mp4,74,2466,True,1304.61,138.2,1177.56,166.82,981.73,469.29,1109.05,682.13,1128.72,929.56,158.63,31.81,31.81,78.27,78.27
bulgarian_05.mp4,75,2500,True,1309.88,141.14,1177.75,169.45,976.95,474.13,1113.64,681.3,1130.25,927.45,156.99,32.12,32.12,78.19,78.19
bulgarian_05.mp4,76,2533,True,1311.62,143.5,1176.74,173.09,971.34,482.28,1118.52,680.73,1131.4,925.87,154.88,32.42,32.42,78.08,78.08
bulgarian_05.mp4,77,2566,True,1316.7,147.22,1176.0,179.57,966.77,490.17,1123.46,680.43,1132.15,925.59,152.42,32.73,32.73,77.87,77.87
bulgarian_05.mp4,78,2600,True,1299.88,152.88,1173.88,187.63,960.98,500.3,1128.77,680.17,1132.51,925.38,149.51,33.03,33.03,77.22,77.22
bulgarian_05.mp4,79,2633,True,1290.76,160.17,1172.33,197.73,957.31,508.06,1133.8,680.23,1132.76,925.78,146.41,33.37,33.37,76.25,76.25
bulgarian_05.mp4,80,2666,True,1272.32,167.83,1167.57,210.82,953.49,517.65,1136.86,680.82,1132.5,926.72,143.26,33.68,33.68,74.54,74.54
bulgarian_05.mp4,81,2700,True,1248.52,180.81,1150.37,233.95,950.23,528.05,1139.22,681.28,1131.9,927.56,140.08,33.79,33.79,71.95,71.95
bulgarian_05.mp4,82,2733,True,1223.5,197.45,1138.52,251.44,948.05,538.85,1140.68,681.63,1131.38,928.03,136.94,33.74,33.74,69.07,69.07
bulgarian_05.mp4,83,2766,True,1202.63,216.54,1125.31,269.69,946.4,550.65,1141.73,682.33,1131.0,928.27,133.85,33.49,33.49,66.36,66.36
bulgarian_05.mp4,84,2800,True,1186.08,232.08,1113.98,285.29,943.69,560.75,1142.38,683.34,1130.64,928.46,130.86,33.13,33.13,63.8,63.8
bulgarian_05.mp4,85,2833,True,1175.25,247.25,1103.6,299.2,940.69,570.05,1142.38,684.89,1130.37,928.33,128.06,32.71,32.71,61.85,61.85
bulgarian_05.mp4,86,2866,True,1166.82,262.21,1094.96,312.92,937.43,580.83,1142.15,686.26,1130.17,927.9,125.33,32.26,32.26,60.44,60.44
bulgarian_05.mp4,87,2900,True,1159.66,277.68,1087.82,326.92,934.55,591.23,1141.08,687.26,1130.09,927.35,122.73,31.83,31.83,59.46,59.46
bulgarian_05.mp4,88,2933,True,1155.0,292.55,1080.77,342.17,931.79,602.15,1140.11,687.63,1130.02,926.03,120.16,31.43,31.43,58.82,58.82
bulgarian_05.mp4,89,2966,True,1151.44,303.97,1075.27,352.82,929.61,609.92,1139.22,688.38,1130.03,924.93,117.79,31.05,31.05,58.52,58.52
bulgarian_05.mp4,90,3000,True,1148.84,312.95,1070.17,364.42,928.24,618.48,1138.55,689.03,1130.03,923.07,115.52,30.68,30.68,58.18,58.18
bulgarian_05.mp4,91,3033,True,1146.76,321.56,1065.98,375.22,927.13,625.71,1137.83,690.03,1130.19,921.12,113.43,30.34,30.34,57.82,57.82
bulgarian_05.mp4,92,3066,True,1144.93,330.1,1062.76,385.61,926.04,634.21,1136.88,692.11,1130.33,919.92,111.49,30.04,30.04,57.45,57.45
bulgarian_05.mp4,93,3100,True,1143.68,338.99,1060.97,393.35,925.02,641.82,1135.21,694.64,1130.43,919.08,109.77,29.77,29.77,57.3,57.3
bulgarian_05.mp4,94,3133,True,1143.09,346.27,1060.13,399.72,924.22,647.05,1133.8,696.84,1130.5,918.59,108.32,29.57,29.57,57.28,57.28
bulgarian_05.mp4,95,3166,True,1142.7,352.65,1059.44,406.94,923.28,653.83,1132.11,699.58,1130.7,918.32,107.05,29.43,29.43,57.2,57.2
bulgarian_05.mp4,96,3200,True,1142.53,359.4,1058.92,413.58,922.65,658.94,1131.52,701.4,1130.71,918.73,105.9,29.35,29.35,57.17,57.17
bulgarian_05.mp4,97,3233,True,1142.41,366.04,1058.26,420.65,921.9,665.75,1131.19,702.69,1130.41,919.21,104.68,29.3,29.3,57.14,57.14
bulgarian_05.mp4,98,3266,True,1142.42,371.29,1057.86,425.81,921.35,670.65,1131.28,703.56,1130.14,919.76,103.46,29.27,29.27,57.15,57.15
bulgarian_05.mp4,99,3300,True,1142.45,376.43,1056.73,430.69,920.95,675.24,1131.54,704.28,1129.8,920.48,102.25,29.22,29.22,57.26,57.26
bulgarian_05.mp4,100,3333,True,1142.45,380.04,1055.97,434.01,920.5,679.29,1131.74,704.77,1129.54,921.21,101.06,29.16,29.16,57.41,57.41
bulgarian_05.mp4,101,3366,True,1142.41,383.58,1054.69,436.47,920.11,682.56,1132.23,705.0,1129.33,921.81,99.9,29.06,29.06,57.71,57.71
bulgarian_05.mp4,102,3400,True,1142.61,385.92,1053.73,438.42,919.83,684.96,1133.11,705.03,1129.22,922.25,98.79,28.95,28.95,58.06,58.06
bulgarian_05.mp4,103,3433,True,1142.76,388.58,1053.06,439.95,919.63,686.74,1133.79,705.04,1129.11,922.73,97.76,28.84,28.84,58.48,58.48
bulgarian_05.mp4,104,3466,True,1142.89,390.89,1052.49,441.25,919.48,688.09,1134.33,704.95,1129.01,923.08,96.83,28.74,28.74,58.96,58.96
bulgarian_05.mp4,105,3500,True,1143.16,393.1,1052.1,443.18,919.37,688.75,1134.72,704.83,1128.75,923.44,96.0,28.67,28.67,59.41,59.41
bulgarian_05.mp4,106,3533,True,1143.89,394.63,1052.01,444.21,919.29,689.04,1134.91,704.72,1128.16,923.51,95.28,28.63,28.63,59.86,59.86
bulgarian_06.mp4,0,0,True,1187.15,367.06,1101.0,379.47,929.89,591.86,1029.48,786.32,1034.29,999.02,154.17,38.86,38.86,81.81,81.81
bulgarian_06.mp4,1,33,True,1187.25,366.78,1101.18,379.46,929.66,592.23,1029.48,786.93,1034.35,1000.45,154.17,38.86,38.86,81.77,81.77
bulgarian_06.mp4,2,66,True,1187.49,366.45,1101.99,379.51,929.56,592.8,1028.72,787.43,1034.41,1001.99,154.24,38.88,38.88,81.68,81.68
bulgarian_06.mp4,3,100,True,1187.7,366.1,1102.77,379.61,929.44,593.39,1028.19,788.42,1034.45,1003.24,154.36,38.91,38.91,81.54,81.54
bulgarian_06.mp4,4,133,True,1187.91,365.81,1103.37,379.75,929.33,594.08,1027.48,789.15,1034.44,1004.18,154.51,38.94,38.94,81.36,81.36
bulgarian_06.mp4,5,166,True,1188.11,365.58,1103.81,379.88,929.2,594.79,1026.76,789.68,1034.44,1004.89,154.7,38.97,38.97,81.16,81.16
bulgarian_06.mp4,6,200,True,1188.27,365.38,1104.13,379.99,929.09,595.54,1026.37,790.46,1034.42,1005.96,154.88,38.99,38.99,80.96,80.96
bulgarian_06.mp4,7,233,True,1188.11,366.35,1104.07,381.66,928.05,596.73,1026.56,791.29,1034.42,1006.8,154.95,39.05,39.05,80.7,80.7
bulgarian_06.mp4,8,266,True,1186.95,370.09,1102.67,385.79,925.81,599.31,1026.97,791.98,1034.57,1007.74,154.83,39.17,39.17,80.45,80.45
bulgarian_06.mp4,9,300,True,1184.32,376.59,1100.24,393.11,921.67,603.95,1027.87,792.49,1034.89,1008.43,154.35,39.39,39.39,80.14,80.14
bulgarian_06.mp4,10,333,True,1180.71,384.76,1095.61,402.65,915.38,610.73,1029.1,792.85,1035.1,1008.13,153.41,39.69,39.69,79.74,79.74
bulgarian_06.mp4,11,366,True,1175.82,393.34,1090.48,413.2,909.59,619.12,1031.25,793.26,1035.24,1007.91,151.95,40.01,40.01,79.17,79.17
bulgarian_06.mp4,12,400,True,1170.66,403.47,1085.65,423.44,903.5,627.28,1033.21,793.16,1035.85,1007.61,150.1,40.37,40.37,78.69,78.69
bulgarian_06.mp4,13,433,True,1164.93,413.71,1080.01,433.94,897.25,636.0,1034.76,792.86,1036.32,1007.34,147.91,40.72,40.72,78.27,78.27
bulgarian_06.mp4,14,466,True,1158.84,424.41,1073.29,444.46,889.63,645.03,1035.99,792.39,1036.63,1006.64,145.4,41.07,41.07,77.98,77.98
bulgarian_06.mp4,15,500,True,1152.65,434.78,1066.25,454.31,881.32,654.15,1036.87,792.02,1036.83,1005.92,142.63,41.41,41.41,77.84,77.84
bulgarian_06.mp4,16,533,True,1145.56,443.68,1058.8,463.46,873.11,663.39,1036.98,790.7,1036.78,1005.05,139.66,41.71,41.71,77.7,77.7
bulgarian_06.mp4,17,566,True,1138.82,453.19,1052.73,472.75,866.28,672.26,1037.06,789.97,1036.73,1004.67,136.63,41.98,41.98,77.6,77.6
bulgarian_06.mp4,18,600,True,1132.5,462.56,1046.8,481.7,860.23,680.66,1037.09,789.43,1036.68,1004.39,133.6,42.21,42.21,77.56,77.56
bulgarian_06.mp4,19,633,True,1126.73,471.5,1040.85,490.85,854.75,689.18,1037.1,789.09,1036.68,1004.15,130.6,42.41,42.41,77.51,77.51
bulgarian_06.mp4,20,666,True,1120.97,479.59,1035.15,499.24,849.59,698.13,1037.17,788.85,1036.59,1003.53,127.61,42.53,42.53,77.43,77.43
bulgarian_06.mp4,21,700,True,1115.32,487.7,1028.96,507.37,844.44,706.51,1036.68,788.63,1036.46,1003.07,124.7,42.59,42.59,77.38,77.38
bulgarian_06.mp4,22,733,True,1109.99,495.58,1022.61,515.55,839.57,715.48,1035.94,788.35,1036.37,1002.62,121.86,42.56,42.56,77.33,77.33
bulgarian_06.mp4,23,766,True,1105.2,502.53,1015.91,522.85,835.28,724.12,1034.54,787.13,1036.29,1001.81,119.09,42.43,42.43,77.3,77.3
bulgarian_06.mp4,24,800,True,1100.56,508.96,1009.42,528.69,831.47,731.76,1033.52,786.3,1036.21,1001.71,116.44,42.19,42.19,77.39,77.39
bulgarian_06.mp4,25,833,True,1096.05,514.38,1002.98,533.85,828.6,738.43,1032.24,785.58,1036.01,1001.03,113.96,41.84,41.84,77.55,77.55
bulgarian_06.mp4,26,866,True,1091.77,519.64,996.64,538.66,825.67,744.72,1029.3,785.01,1035.83,1000.48,111.75,41.41,41.41,77.78,77.78
bulgarian_06.mp4,27,900,True,1087.47,524.29,991.71,543.32,823.37,750.54,1027.1,784.99,1035.68,1000.3,109.78,40.95,40.95,77.98,77.98
bulgarian_06.mp4,28,933,True,1083.18,528.59,987.49,547.44,821.49,756.12,1025.47,785.79,1035.38,1000.2,108.01,40.46,40.46,78.15,78.15
bulgarian_06.mp4,29,966,True,1079.18,532.23,983.61,551.28,819.88,761.6,1024.01,786.67,1034.98,1000.11,106.39,39.95,39.95,78.27,78.27
bulgarian_06.mp4,30,1000,True,1075.6,535.97,979.81,555.78,817.82,767.18,1022.79,787.56,1034.64,1000.56,104.89,39.45,39.45,78.28,78.28
bulgarian_06.mp4,31,1033,True,1072.35,538.89,976.84,559.61,816.07,772.07,1021.9,788.26,1034.14,1001.1,103.47,38.98,38.98,78.17,78.17
bulgarian_06.mp4,32,1066,True,1069.17,541.55,974.04,562.92,814.53,776.2,1021.24,788.86,1033.62,1001.64,102.14,38.54,38.54,78.01,78.01
bulgarian_06.mp4,33,1100,True,1066.61,543.78,971.51,565.66,813.44,779.37,1020.77,789.32,1032.98,1002.13,100.92,38.13,38.13,77.81,77.81
bulgarian_06.mp4,34,1133,True,1064.39,545.66,969.11,568.03,812.5,782.0,1020.42,790.13,1032.48,1002.32,99.83,37.75,37.75,77.61,77.61
bulgarian_06.mp4,35,1166,True,1062.39,547.17,967.28,570.07,811.93,784.37,1020.22,791.04,1032.11,1002.26,98.88,37.39,37.39,77.38,77.38
bulgarian_06.mp4,36,1200,True,1060.64,548.25,965.77,571.8,811.48,786.13,1020.09,791.85,1031.83,1002.14,98.06,37.06,37.06,77.12,77.12
bulgarian_06.mp4,37,1233,True,1059.36,549.3,964.66,573.3,811.15,787.37,1020.0,792.66,1031.6,1002.07,97.37,36.78,36.78,76.85,76.85
bulgarian_06.mp4,38,1266,True,1058.22,550.03,963.84,574.37,810.96,788.5,1020.0,793.26,1031.46,1002.17,96.78,36.53,36.53,76.59,76.59
bulgarian_06.mp4,39,1300,True,1057.46,550.66,963.06,575.24,810.87,789.43,1019.61,793.7,1031.36,1002.19,96.31,36.3,36.3,76.35,76.35
bulgarian_06.mp4,40,1333,True,1056.95,551.06,962.07,575.89,810.66,790.51,1019.18,794.02,1031.21,1002.88,95.9,36.08,36.08,76.15,76.15
bulgarian_06.mp4,41,1366,True,1056.64,551.34,961.45,576.43,810.46,791.29,1018.89,794.1,1031.1,1003.34,95.54,35.88,35.88,75.96,75.96
bulgarian_06.mp4,42,1400,True,1056.41,551.51,960.9,576.77,810.29,791.88,1018.58,794.2,1031.03,1003.64,95.24,35.71,35.71,75.81,75.81
bulgarian_06.mp4,43,1433,True,1056.26,551.61,960.55,577.01,810.18,792.26,1018.07,794.33,1030.97,1003.69,95.01,35.55,35.55,75.67,75.67
bulgarian_06.mp4,44,1466,True,1056.03,551.67,960.3,577.19,810.48,792.55,1018.13,794.53,1030.97,1003.4,94.82,35.41,35.41,75.55,75.55
bulgarian_06.mp4,45,1500,True,1055.87,551.69,960.15,577.3,810.86,792.75,1018.56,794.8,1030.99,1003.12,94.65,35.27,35.27,75.45,75.45
bulgarian_06.mp4,46,1533,True,1055.77,551.6,960.06,577.51,811.22,792.89,1018.86,794.93,1031.0,1003.0,94.5,35.14,35.14,75.33,75.33
bulgarian_06.mp4,47,1566,True,1055.7,551.52,960.01,577.7,811.67,792.97,1019.1,794.85,1031.01,1002.91,94.36,35.03,35.03,75.2,75.2
bulgarian_06.mp4,48,1600,True,1055.68,551.37,960.14,577.81,812.38,793.0,1019.72,794.81,1031.03,1003.11,94.21,34.92,34.92,75.07,75.07
bulgarian_06.mp4,49,1633,True,1055.94,550.94,960.81,577.66,813.09,792.76,1020.49,794.8,1031.05,1003.18,94.06,34.83,34.83,74.92,74.92
bulgarian_06.mp4,50,1666,True,1056.52,549.52,961.59,576.69,813.79,792.14,1021.75,794.57,1031.06,1003.05,93.89,34.75,34.75,74.74,74.74
bulgarian_06.mp4,51,1700,True,1057.62,546.44,962.54,573.95,814.48,789.83,1023.21,794.25,1031.11,1002.6,93.79,34.69,34.69,74.56,74.56
bulgarian_06.mp4,52,1733,True,1059.88,541.8,964.39,569.59,815.68,786.03,1024.91,793.84,1031.16,1002.11,93.81,34.65,34.65,74.41,74.41
bulgarian_06.mp4,53,1766,True,1058.1,530.62,965.58,559.07,819.22,766.25,1025.55,778.73,1028.94,979.06,93.93,34.77,34.77,74.11,74.11
bulgarian_06.mp4,54,1800,True,1056.1,518.53,967.37,546.9,823.1,746.76,1024.2,764.57,1026.28,957.72,94.28,34.98,34.98,73.74,73.74
bulgarian_06.mp4,55,1833,True,1054.36,507.28,969.28,535.88,829.35,730.31,1023.02,753.14,1023.41,941.56,94.79,35.13,35.13,73.28,73.28
bulgarian_06.mp4,56,1866,True,1053.22,496.4,971.23,524.23,834.58,715.05,1021.68,744.55,1020.65,928.51,95.56,35.23,35.23,72.87,72.87
bulgarian_06.mp4,57,1900,True,1052.57,485.06,973.53,513.59,839.0,701.04,1020.37,738.19,1018.69,918.59,96.66,35.32,35.32,72.33,72.33
bulgarian_06.mp4,58,1933,True,1052.41,473.29,976.0,502.71,842.51,688.43,1018.76,733.39,1017.19,913.01,98.09,35.39,35.39,71.65,71.65
bulgarian_06.mp4,59,1966,True,1052.95,461.68,978.78,491.4,846.22,676.93,1017.4,729.7,1016.0,908.57,99.81,35.42,35.42,70.95,70.95
bulgarian_06.mp4,60,2000,True,1054.29,450.54,981.8,479.58,850.41,666.3,1015.82,727.28,1014.84,905.93,101.83,35.37,35.37,70.4,70.4
bulgarian_06.mp4,61,2033,True,1056.42,439.25,984.58,468.45,855.13,656.72,1014.28,725.67,1013.98,904.35,104.13,35.2,35.2,69.89,69.89
bulgarian_06.mp4,62,2066,True,1058.66,428.8,987.17,457.53,860.6,647.6,1012.74,724.94,1013.3,903.72,106.73,34.89,34.89,69.54,69.54
bulgarian_06.mp4,63,2100,True,1060.7,418.1,989.58,447.26,866.56,639.2,1011.3,724.58,1012.46,903.19,109.57,34.44,34.44,69.17,69.17
bulgarian_06.mp4,64,2133,True,1062.54,407.43,991.43,437.45,871.18,630.69,1009.97,724.49,1011.78,902.17,112.58,33.93,33.93,68.76,68.76
bulgarian_06.mp4,65,2166,True,1064.07,396.41,992.74,427.48,874.78,622.25,1008.05,723.53,1011.05,901.0,115.7,33.39,33.39,68.3,68.3
bulgarian_06.mp4,66,2200,True,1065.35,385.6,993.68,417.87,878.5,614.16,1005.91,722.7,1010.37,900.09,118.94,32.79,32.79,67.79,67.79
bulgarian_06.mp4,67,2233,True,1066.6,375.67,995.1,408.11,882.29,606.17,1003.79,722.08,1009.8,899.61,122.27,32.16,32.16,67.35,67.35
bulgarian_06.mp4,68,2266,True,1067.9,366.29,997.16,398.51,886.35,598.74,1001.96,721.6,1009.3,899.55,125.63,31.52,31.52,66.98,66.98
bulgarian_06.mp4,69,2300,True,1068.95,358.18,999.14,389.66,890.3,591.77,1000.51,721.32,1008.93,899.59,128.97,30.88,30.88,66.73,66.73
bulgarian_06.mp4,70,2333,True,1069.98,350.99,1000.85,381.44,893.93,585.25,999.41,721.04,1008.64,899.69,132.2,30.24,30.24,66.63,66.63
bulgarian_06.mp4,71,2366,True,1070.92,344.32,1002.26,374.23,898.06,579.16,998.43,720.84,1008.27,899.82,135.33,29.58,29.58,66.6,66.6
bulgarian_06.mp4,72,2400,True,1071.77,338.73,1003.33,368.1,902.53,573.26,997.7,720.65,1007.95,899.94,138.34,28.9,28.9,66.63,66.63
bulgarian_06.mp4,73,2433,True,1072.63,333.7,1004.2,363.28,906.82,568.19,997.12,720.54,1007.8,900.32,141.22,28.2,28.2,66.63,66.63
bulgarian_06.mp4,74,2466,True,1073.31,328.99,1005.1,359.62,910.84,564.19,996.61,720.47,1007.81,900.84,143.94,27.51,27.51,66.47,66.47
bulgarian_06.mp4,75,2500,True,1073.88,325.26,1006.0,356.76,914.02,561.46,996.25,720.44,1007.95,901.26,146.42,26.85,26.85,66.2,66.2
bulgarian_06.mp4,76,2533,True,1074.45,322.48,1006.79,354.32,916.53,559.13,995.98,720.44,1008.16,901.58,148.66,26.23,26.23,65.92,65.92
bulgarian_06.mp4,77,2566,True,1074.91,320.31,1007.31,352.46,918.31,557.54,995.71,720.48,1008.32,902.18,150.64,25.68,25.68,65.65,65.65
bulgarian_06.mp4,78,2600,True,1075.33,318.8,1007.71,351.21,919.68,556.35,995.51,720.47,1008.44,902.9,152.36,25.19,25.19,65.4,65.4
bulgarian_06.mp4,79,2633,True,1075.77,317.72,1008.14,350.0,920.81,555.48,995.46,720.47,1008.53,903.44,153.84,24.76,24.76,65.21,65.21
bulgarian_06.mp4,80,2666,True,1076.09,316.91,1008.44,348.8,921.56,554.71,995.4,720.28,1008.59,903.72,155.09,24.38,24.38,65.12,65.12
bulgarian_06.mp4,81,2700,True,1076.42,316.31,1008.83,348.06,922.13,554.0,995.22,720.09,1008.63,903.99,156.15,24.07,24.07,65.07,65.07
bulgarian_06.mp4,82,2733,True,1076.73,315.86,1009.2,347.3,922.62,553.29,995.03,719.98,1008.67,904.2,157.07,23.82,23.82,65.06,65.06
bulgarian_06.mp4,83,2766,True,1076.98,315.53,1009.65,346.31,922.9,552.33,994.81,719.91,1008.7,904.29,157.88,23.62,23.62,65.14,65.14
bulgarian_06.mp4,84,2800,True,1077.18,315.22,1010.23,345.34,923.28,551.53,994.6,719.89,1008.72,904.35,158.59,23.47,23.47,65.26,65.26
bulgarian_06.mp4,85,2833,True,1077.46,314.94,1010.7,344.75,923.63,551.0,994.43,719.91,1008.74,904.41,159.21,23.35,23.35,65.4,65.4
bulgarian_06.mp4,86,2866,True,1077.66,314.79,1011.03,344.38,923.96,550.63,994.3,720.03,1008.86,904.53,159.76,23.26,23.26,65.53,65.53
bulgarian_06.mp4,87,2900,True,1077.81,314.71,1011.32,344.13,924.44,550.41,994.23,720.13,1008.97,904.66,160.25,23.18,23.18,65.65,65.65
bulgarian_06.mp4,88,2933,True,1077.93,314.67,1011.65,344.04,924.88,550.3,994.18,720.41,1009.04,904.88,160.69,23.1,23.1,65.74,65.74
bulgarian_06.mp4,89,2966,True,1078.02,314.69,1012.18,344.02,925.31,550.25,994.14,720.66,1009.1,905.1,161.08,23.05,23.05,65.79,65.79
bulgarian_06.mp4,90,3000,True,1078.13,314.79,1013.26,344.04,925.69,549.95,994.11,720.87,1009.31,905.28,161.44,23.05,23.05,65.78,65.78
bulgarian_06.mp4,91,3033,True,1078.29,314.91,1014.39,344.08,926.14,549.76,994.09,721.02,1009.46,905.12,161.78,23.08,23.08,65.71,65.71
bulgarian_06.mp4,92,3066,True,1078.41,315.05,1015.8,344.12,926.64,549.63,994.08,721.06,1009.58,904.96,162.09,23.16,23.16,65.59,65.59
bulgarian_06.mp4,93,3100,True,1078.5,315.21,1017.1,344.18,927.21,549.46,994.1,721.08,1009.67,904.83,162.38,23.26,23.26,65.42,65.42
bulgarian_06.mp4,94,3133,True,1078.56,315.35,1018.25,344.37,927.89,549.34,994.15,721.08,1009.74,904.73,162.66,23.36,23.36,65.2,65.2
bulgarian_06.mp4,95,3166,True,1078.59,315.46,1019.19,344.57,928.48,549.26,994.19,720.97,1009.8,904.66,162.91,23.47,23.47,64.94,64.94
bulgarian_06.mp4,96,3200,True,1078.6,315.52,1019.96,344.73,928.93,549.21,994.23,720.82,1009.89,904.6,163.13,23.58,23.58,64.65,64.65
bulgarian_06.mp4,97,3233,True,1085.17,313.17,1023.77,344.19,929.25,552.5,995.86,734.14,1012.68,926.19,163.48,23.74,23.74,64.36,64.36
bulgarian_06.mp4,98,3266,True,1091.58,310.71,1028.18,342.71,929.51,557.17,998.74,745.72,1015.94,944.88,163.74,23.93,23.93,64.13,64.13
bulgarian_06.mp4,99,3300,True,1096.98,308.34,1031.7,341.19,929.7,561.96,1001.48,755.39,1019.1,961.05,163.9,24.11,24.11,63.96,63.96
bulgarian_06.mp4,100,3333,True,1101.19,306.51,1034.4,339.95,929.86,566.15,1004.06,763.06,1022.04,973.62,163.96,24.25,24.25,63.85,63.85
bulgarian_06.mp4,101,3366,True,1104.14,304.7,1036.33,339.13,929.97,569.7,1006.24,768.63,1024.47,983.26,163.95,24.35,24.35,63.7,63.7
bulgarian_06.mp4,102,3400,True,1106.21,303.13,1037.85,338.5,930.11,572.51,1007.93,773.3,1026.38,990.51,163.89,24.42,24.42,63.49,63.49
bulgarian_06.mp4,103,3433,True,1107.56,301.79,1038.98,337.98,930.23,574.77,1009.23,776.52,1027.84,995.6,163.81,24.47,24.47,63.22,63.22
bulgarian_06.mp4,104,3466,True,1108.46,300.71,1039.81,337.62,930.37,576.57,1010.23,779.35,1028.97,999.36,163.72,24.5,24.5,62.93,62.93
bulgarian_06.mp4,105,3500,True,1109.0,299.76,1040.36,337.38,930.49,577.91,1010.99,780.94,1029.88,1001.91,163.63,24.51,24.51,62.6,62.6
bulgarian_06.mp4,106,3533,True,1109.34,298.99,1040.73,337.22,930.59,578.95,1011.56,782.31,1030.6,1003.72,163.54,24.51,24.51,62.25,62.25
bulgarian_06.mp4,107,3566,True,1109.56,298.33,1040.96,337.12,930.68,579.73,1011.98,783.52,1031.16,1005.09,163.47,24.49,24.49,61.9,61.9
bulgarian_06.mp4,108,3600,True,1109.66,297.81,1041.07,337.05,930.76,580.29,1012.27,784.24,1031.61,1006.4,163.42,24.47,24.47,61.57,61.57
bulgarian_06.mp4,109,3633,True,1109.7,297.36,1041.06,337.0,930.82,580.69,1012.51,784.75,1031.95,1007.57,163.37,24.45,24.45,61.25,61.25
bulgarian_06.mp4,110,3666,True,1109.7,296.92,1040.92,336.82,930.88,580.95,1012.7,785.03,1032.21,1008.51,163.32,24.41,24.41,60.98,60.98
bulgarian_07.mp4,0,0,True,1209.34,295.41,1143.92,359.37,991.98,565.33,1098.29,734.61,1097.08,922.98,147.5,36.41,36.41,45.65,45.65
bulgarian_07.mp4,1,33,True,1209.9,297.4,1144.43,359.7,992.19,565.96,1095.69,734.37,1097.04,923.05,147.77,36.42,36.42,45.8,45.8
bulgarian_07.mp4,2,66,True,1210.62,299.78,1144.85,360.43,992.43,566.74,1095.38,734.14,1096.93,923.23,147.99,36.43,36.43,46.11,46.11
bulgarian_07.mp4,3,100,True,1211.29,302.62,1145.23,361.61,992.61,568.0,1096.38,733.64,1096.84,923.66,148.01,36.44,36.44,46.53,46.53
bulgarian_07.mp4,4,133,True,1211.79,305.88,1145.69,363.69,992.89,569.78,1100.48,732.7,1096.85,924.0,147.5,36.46,36.46,46.99,46.99
bulgarian_07.mp4,5,166,True,1212.18,310.16,1146.27,366.76,993.1,572.04,1102.92,731.92,1096.99,924.48,146.75,36.51,36.51,47.46,47.46
bulgarian_07.mp4,6,200,True,1213.18,315.04,1146.98,371.17,993.09,574.7,1107.68,730.32,1097.33,924.84,145.52,36.63,36.63,47.91,47.91
bulgarian_07.mp4,7,233,True,1214.69,319.57,1147.81,374.75,992.99,576.66,1111.38,728.97,1097.63,925.05,144.04,36.8,36.8,48.42,48.42
bulgarian_07.mp4,8,266,True,1216.42,324.54,1148.73,378.75,992.46,578.82,1114.47,727.78,1097.87,925.2,142.41,37.04,37.04,49.0,49.0
bulgarian_07.mp4,9,300,True,1217.98,328.89,1149.7,381.9,992.13,580.81,1116.66,727.26,1098.0,925.61,140.78,37.31,37.31,49.64,49.64
bulgarian_07.mp4,10,333,True,1219.26,332.79,1150.61,385.4,991.86,582.87,1118.71,726.88,1098.11,926.03,139.16,37.61,37.61,50.22,50.22
bulgarian_07.mp4,11,366,True,1220.23,337.12,1151.72,389.12,991.39,584.93,1120.07,727.0,1098.14,926.57,137.64,37.95,37.95,50.73,50.73
bulgarian_07.mp4,12,400,True,1221.31,343.73,1153.05,394.96,990.8,587.99,1122.12,727.33,1098.11,927.46,136.09,38.37,38.37,51.21,51.21
bulgarian_07.mp4,13,433,True,1222.69,349.87,1154.24,399.98,990.33,591.05,1123.9,727.57,1098.11,928.21,134.53,38.82,38.82,51.72,51.72
bulgarian_07.mp4,14,466,True,1223.82,356.09,1155.34,405.64,989.37,594.74,1125.07,728.92,1098.15,928.86,133.03,39.31,39.31,52.2,52.2
bulgarian_07.mp4,15,500,True,1225.25,363.11,1156.28,411.77,988.56,598.63,1128.16,729.83,1098.79,929.26,131.39,39.83,39.83,52.72,52.72
bulgarian_07.mp4,16,533,True,1226.64,369.95,1157.22,417.75,987.57,602.09,1131.06,730.69,1099.97,929.35,129.71,40.39,40.39,53.27,53.27
bulgarian_07.mp4,17,566,True,1227.66,374.77,1158.14,422.07,986.73,605.04,1133.75,731.55,1100.87,929.44,128.02,40.94,40.94,53.77,53.77
bulgarian_07.mp4,18,600,True,1228.73,379.92,1159.0,426.7,985.9,608.07,1135.4,731.99,1101.7,929.55,126.41,41.48,41.48,54.24,54.24
bulgarian_07.mp4,19,633,True,1229.73,385.49,1159.99,431.63,985.3,611.16,1136.71,734.07,1102.31,930.13,124.95,42.03,42.03,54.7,54.7
bulgarian_07.mp4,20,666,True,1230.67,391.5,1160.89,436.47,984.82,614.48,1137.65,736.76,1102.77,930.93,123.66,42.56,42.56,55.2,55.2
bulgarian_07.mp4,21,700,True,1231.36,398.75,1161.58,443.2,984.41,619.84,1138.73,739.47,1103.07,931.77,122.38,43.07,43.07,55.66,55.66
bulgarian_07.mp4,22,733,True,1232.14,405.21,1162.14,449.08,984.1,624.54,1139.85,742.91,1103.25,932.37,121.17,43.54,43.54,56.11,56.11
bulgarian_07.mp4,23,766,True,1232.83,411.12,1162.55,455.41,983.62,629.04,1140.67,745.22,1103.44,932.75,119.99,44.0,44.0,56.45,56.45
bulgarian_07.mp4,24,800,True,1233.4,416.56,1162.87,462.11,983.23,633.71,1141.62,746.92,1103.57,932.79,118.79,44.46,44.46,56.59,56.59
bulgarian_07.mp4,25,833,True,1234.01,422.18,1163.11,468.51,982.81,638.32,1142.49,747.69,1103.87,932.4,117.55,44.91,44.91,56.64,56.64
bulgarian_07.mp4,26,866,True,1234.59,428.55,1163.31,475.45,982.26,643.82,1143.95,748.85,1104.2,931.98,116.19,45.35,45.35,56.64,56.64
bulgarian_07.mp4,27,900,True,1235.37,434.15,1163.45,480.18,981.72,647.91,1144.93,749.71,1104.31,931.75,114.83,45.74,45.74,56.79,56.79
bulgarian_07.mp4,28,933,True,1236.03,439.38,1163.55,485.57,980.92,651.91,1146.6,749.11,1104.3,931.43,113.33,46.12,46.12,56.93,56.93
bulgarian_07.mp4,29,966,True,1236.53,444.24,1163.61,490.8,979.82,656.04,1147.9,748.64,1104.3,931.29,111.75,46.51,46.51,57.03,57.03
bulgarian_07.mp4,30,1000,True,1236.98,449.96,1163.62,496.83,978.39,660.34,1148.84,747.84,1104.3,931.0,110.1,46.92,46.92,57.11,57.11
bulgarian_07.mp4,31,1033,True,1237.31,456.78,1163.29,504.01,975.77,666.43,1150.48,747.11,1104.25,930.89,108.21,47.36,47.36,57.18,57.18
bulgarian_07.mp4,32,1066,True,1237.58,462.17,1163.05,510.58,973.66,671.68,1151.87,747.07,1104.22,930.88,106.25,47.81,47.81,57.14,57.14
bulgarian_07.mp4,33,1100,True,1237.77,467.56,1162.77,516.28,971.79,676.22,1153.81,747.04,1103.9,931.01,104.22,48.26,48.26,57.11,57.11
bulgarian_07.mp4,34,1133,True,1237.86,472.85,1162.14,521.99,969.99,681.13,1155.56,746.97,1103.67,931.15,102.13,48.68,48.68,57.09,57.09
bulgarian_07.mp4,35,1166,True,1237.88,478.56,1161.49,527.69,968.41,686.07,1157.27,746.93,1103.42,930.98,100.02,49.07,49.07,57.13,57.13
bulgarian_07.mp4,36,1200,True,1237.76,483.62,1160.64,533.18,966.99,690.86,1158.55,746.89,1103.23,930.91,97.93,49.43,49.43,57.16,57.16
bulgarian_07.mp4,37,1233,True,1237.63,487.66,1159.84,536.61,965.87,694.5,1159.67,746.91,1103.1,930.75,95.95,49.71,49.71,57.29,57.29
bulgarian_07.mp4,38,1266,True,1236.98,491.11,1158.85,540.88,964.76,698.08,1160.64,746.93,1102.96,930.6,94.07,49.97,49.97,57.33,57.33
bulgarian_07.mp4,39,1300,True,1236.13,494.63,1157.64,544.96,963.87,701.84,1161.62,746.96,1103.23,930.21,92.29,50.18,50.18,57.33,57.33
bulgarian_07.mp4,40,1333,True,1235.21,498.28,1156.03,548.12,963.17,705.47,1162.44,747.08,1103.37,929.34,90.6,50.3,50.3,57.43,57.43
bulgarian_07.mp4,41,1366,True,1233.78,502.6,1154.16,551.92,962.52,709.67,1163.02,747.22,1103.03,928.64,88.94,50.35,50.35,57.59,57.59
bulgarian_07.mp4,42,1400,True,1232.31,506.02,1152.16,554.4,961.9,712.97,1163.26,747.26,1102.73,927.78,87.38,50.32,50.32,57.85,57.85
bulgarian_07.mp4,43,1433,True,1230.74,509.02,1150.14,556.49,961.35,716.03,1163.24,747.29,1102.43,927.1,85.93,50.21,50.21,58.18,58.18
bulgarian_07.mp4,44,1466,True,1229.19,511.82,1148.07,558.47,960.73,719.11,1163.18,747.28,1102.11,926.57,84.56,50.05,50.05,58.56,58.56
bulgarian_07.mp4,45,1500,True,1227.48,514.65,1145.94,560.61,960.1,722.08,1163.12,747.15,1102.01,925.88,83.28,49.84,49.84,58.97,58.97
bulgarian_07.mp4,46,1533,True,1225.84,517.04,1143.88,562.61,959.45,724.84,1162.94,747.06,1102.05,925.35,82.1,49.61,49.61,59.36,59.36
bulgarian_07.mp4,47,1566,True,1224.5,519.43,1142.09,564.48,958.48,726.53,1161.97,746.54,1102.0,925.27,81.09,49.4,49.4,59.76,59.76
bulgarian_07.mp4,48,1600,True,1223.19,521.49,1140.54,566.27,957.79,728.73,1161.24,746.2,1102.49,925.8,80.24,49.19,49.19,60.11,60.11
bulgarian_07.mp4,49,1633,True,1221.95,523.4,1139.12,568.38,957.29,731.31,1160.97,746.28,1102.72,926.35,79.44,48.98,48.98,60.39,60.39
bulgarian_07.mp4,50,1666,True,1220.41,525.22,1137.74,570.34,956.93,733.8,1160.94,746.5,1102.76,926.84,78.69,48.76,48.76,60.59,60.59
bulgarian_07.mp4,51,1700,True,1218.66,527.03,1136.44,572.26,956.66,736.49,1161.01,747.05,1102.86,927.26,77.97,48.53,48.53,60.71,60.71
bulgarian_07.mp4,52,1733,True,1217.19,528.98,1135.44,573.98,956.57,738.77,1161.18,747.87,1102.9,927.92,77.3,48.29,48.29,60.8,60.8
bulgarian_07.mp4,53,1766,True,1216.15,530.99,1134.69,575.54,956.64,740.81,1161.57,748.74,1102.82,928.55,76.66,48.06,48.06,60.91,60.91
bulgarian_07.mp4,54,1800,True,1215.22,532.9,1134.06,577.19,956.78,742.55,1161.97,749.63,1103.11,928.95,76.09,47.85,47.85,61.0,61.0
bulgarian_07.mp4,55,1833,True,1214.46,534.8,1133.57,578.8,956.98,744.25,1162.31,750.46,1103.31,929.24,75.57,47.65,47.65,61.09,61.09
bulgarian_07.mp4,56,1866,True,1213.91,536.55,1133.17,580.32,957.13,745.88,1162.59,751.15,1102.82,929.43,75.04,47.47,47.47,61.18,61.18
bulgarian_07.mp4,57,1900,True,1213.42,538.25,1132.88,581.94,957.35,747.32,1162.84,751.77,1102.49,929.57,74.53,47.32,47.32,61.25,61.25
bulgarian_07.mp4,58,1933,True,1213.07,539.8,1132.67,583.31,957.5,748.64,1163.04,752.43,1102.28,929.58,74.05,47.19,47.19,61.31,61.31
bulgarian_07.mp4,59,1966,True,1212.77,541.26,1132.52,584.81,957.65,750.01,1163.3,753.01,1102.1,929.55,73.58,47.07,47.07,61.35,61.35
bulgarian_07.mp4,60,2000,True,1212.48,542.68,1132.42,586.49,957.8,751.36,1163.52,753.72,1102.03,929.5,73.14,46.99,46.99,61.35,61.35
bulgarian_07.mp4,61,2033,True,1212.29,544.14,1132.32,588.12,957.83,752.69,1163.68,754.38,1102.02,929.25,72.72,46.93,46.93,61.31,61.31
bulgarian_07.mp4,62,2066,True,1212.11,545.68,1132.19,590.31,957.83,754.02,1163.72,754.94,1102.19,929.07,72.34,46.9,46.9,61.21,61.21
bulgarian_07.mp4,63,2100,True,1211.98,547.15,1132.1,591.95,957.82,755.17,1163.75,755.42,1102.31,928.88,71.98,46.9,46.9,61.11,61.11
bulgarian_07.mp4,64,2133,True,1211.8,548.41,1132.01,593.54,957.81,756.31,1163.59,756.16,1102.53,928.73,71.68,46.91,46.91,60.99,60.99
bulgarian_07.mp4,65,2166,True,1211.62,549.63,1131.94,594.79,957.8,757.39,1163.32,756.92,1102.13,928.62,71.4,46.92,46.92,60.88,60.88
bulgarian_07.mp4,66,2200,True,1211.46,550.82,1131.81,596.16,957.78,758.51,1162.88,757.68,1102.26,928.54,71.16,46.93,46.93,60.78,60.78
bulgarian_07.mp4,67,2233,True,1211.22,551.73,1131.67,597.52,957.8,759.6,1162.52,758.78,1101.92,928.46,70.95,46.95,46.95,60.64,60.64
bulgarian_07.mp4,68,2266,True,1211.01,552.6,1131.55,598.51,957.81,760.66,1162.27,759.47,1101.34,928.51,70.73,46.95,46.95,60.51,60.51
bulgarian_07.mp4,69,2300,True,1210.8,553.27,1131.26,599.17,957.74,761.43,1162.09,759.94,1100.32,928.5,70.48,46.95,46.95,60.41,60.41
bulgarian_07.mp4,70,2333,True,1210.62,553.89,1131.04,599.92,957.71,762.2,1161.95,760.21,1099.58,928.61,70.21,46.93,46.93,60.32,60.32
bulgarian_07.mp4,71,2366,True,1210.42,554.34,1130.73,600.45,957.69,762.83,1161.84,760.65,1098.47,928.45,69.9,46.91,46.91,60.24,60.24
bulgarian_07.mp4,72,2400,True,1210.26,554.87,1130.49,601.08,957.81,763.5,1161.98,760.95,1097.68,928.36,69.58,46.88,46.88,60.18,60.18
bulgarian_07.mp4,73,2433,True,1210.16,555.62,1130.49,602.17,957.96,764.21,1162.07,761.1,1097.13,928.19,69.24,46.86,46.86,60.08,60.08
bulgarian_07.mp4,74,2466,True,1210.13,556.5,1130.76,603.57,958.26,764.81,1162.13,761.19,1097.32,928.05,68.94,46.88,46.88,59.93,59.93
bulgarian_07.mp4,75,2500,True,1210.19,557.2,1131.05,604.72,958.59,765.3,1162.99,761.89,1097.52,928.1,68.66,46.91,46.91,59.75,59.75
bulgarian_07.mp4,76,2533,True,1210.35,557.85,1131.5,605.76,958.91,765.65,1163.6,762.33,1097.66,928.33,68.41,46.97,46.97,59.54,59.54
bulgarian_07.mp4,77,2566,True,1210.55,558.32,1131.97,606.51,959.21,765.9,1163.99,762.42,1098.06,928.51,68.2,47.03,47.03,59.33,59.33
bulgarian_07.mp4,78,2600,True,1210.78,558.65,1132.34,606.97,959.46,765.99,1164.25,762.45,1098.55,928.66,68.05,47.11,47.11,59.14,59.14
bulgarian_07.mp4,79,2633,True,1211.22,558.85,1132.74,606.62,959.8,765.54,1164.44,762.31,1099.27,928.75,67.98,47.17,47.17,59.04,59.04
bulgarian_07.mp4,80,2666,True,1211.87,558.33,1133.26,605.52,960.07,764.2,1164.41,761.9,1099.87,928.94,68.03,47.24,47.24,59.04,59.04
bulgarian_07.mp4,81,2700,True,1213.32,556.29,1134.08,602.67,959.9,759.97,1163.23,759.67,1100.44,929.41,68.35,47.37,47.37,59.16,59.16
bulgarian_07.mp4,82,2733,True,1214.9,553.61,1135.16,599.14,959.38,755.6,1162.36,757.57,1101.01,929.71,68.87,47.56,47.56,59.39,59.39
bulgarian_07.mp4,83,2766,True,1216.94,550.72,1136.54,595.02,958.95,750.55,1161.4,755.16,1101.22,929.89,69.55,47.81,47.81,59.74,59.74
bulgarian_07.mp4,84,2800,True,1219.65,546.96,1138.81,589.98,958.58,745.08,1160.58,752.63,1101.39,929.75,70.38,48.1,48.1,60.19,60.19
bulgarian_07.mp4,85,2833,True,1222.41,542.87,1141.17,584.81,958.08,739.01,1159.78,750.33,1101.51,929.69,71.34,48.46,48.46,60.69,60.69
bulgarian_07.mp4,86,2866,True,1225.06,537.48,1144.43,578.96,957.75,732.98,1159.3,748.8,1101.72,929.6,72.44,48.86,48.86,61.11,61.11
bulgarian_07.mp4,87,2900,True,1227.56,533.13,1147.14,574.23,957.51,727.98,1159.36,747.68,1101.47,929.58,73.54,49.28,49.28,61.47,61.47
bulgarian_07.mp4,88,2933,True,1230.02,528.71,1149.99,569.39,957.33,722.65,1159.39,746.97,1101.8,929.98,74.71,49.73,49.73,61.79,61.79
bulgarian_07.mp4,89,2966,True,1232.45,523.71,1152.75,564.21,957.3,716.65,1159.18,746.53,1102.58,930.45,76.03,50.19,50.19,62.04,62.04
bulgarian_07.mp4,90,3000,True,1234.64,519.52,1155.34,560.37,957.27,711.78,1159.03,746.49,1102.97,930.96,77.4,50.67,50.67,62.18,62.18
bulgarian_07.mp4,91,3033,True,1236.47,514.97,1157.91,555.4,957.63,706.06,1158.91,746.84,1103.25,931.63,78.85,51.15,51.15,62.3,62.3
bulgarian_07.mp4,92,3066,True,1237.74,506.61,1161.33,545.59,958.67,695.79,1157.08,748.02,1103.26,932.19,80.77,51.61,51.61,62.44,62.44
bulgarian_07.mp4,93,3100,True,1239.07,498.55,1165.03,536.48,961.35,687.1,1155.03,749.41,1103.33,932.61,83.03,51.99,51.99,62.52,62.52
bulgarian_07.mp4,94,3133,True,1240.2,490.36,1168.52,527.34,964.27,677.87,1153.08,750.44,1103.44,932.9,85.59,52.32,52.32,62.56,62.56
bulgarian_07.mp4,95,3166,True,1241.16,481.89,1171.56,518.53,967.16,669.43,1151.55,751.07,1103.52,933.02,88.29,52.56,52.56,62.5,62.5
bulgarian_07.mp4,96,3200,True,1242.17,473.71,1174.11,509.88,969.81,661.02,1150.06,751.6,1103.57,933.28,91.1,52.75,52.75,62.4,62.4
bulgarian_07.mp4,97,3233,True,1243.17,467.62,1176.08,502.98,972.71,654.83,1148.5,752.0,1103.62,933.47,93.89,52.85,52.85,62.36,62.36
bulgarian_07.mp4,98,3266,True,1244.48,461.72,1177.85,496.54,974.82,648.63,1147.45,752.23,1103.96,933.44,96.6,52.91,52.91,62.37,62.37
bulgarian_07.mp4,99,3300,True,1245.59,455.09,1179.69,489.92,976.6,642.47,1146.39,752.29,1104.05,933.2,99.23,52.95,52.95,62.33,62.33
bulgarian_07.mp4,100,3333,True,1246.63,448.27,1181.48,483.13,978.21,636.5,1145.12,752.15,1104.09,933.01,101.77,52.95,52.95,62.23,62.23
bulgarian_07.mp4,101,3366,True,1247.66,439.48,1183.12,474.46,980.14,629.71,1143.65,751.49,1104.34,932.86,104.3,52.88,52.88,62.09,62.09
bulgarian_07.mp4,102,3400,True,1248.7,432.88,1184.56,467.2,982.98,623.87,1141.97,751.0,1104.4,932.76,106.84,52.73,52.73,62.05,62.05
bulgarian_07.mp4,103,3433,True,1249.42,426.66,1185.7,460.41,985.65,618.15,1140.72,750.13,1104.31,932.65,109.29,52.54,52.54,62.06,62.06
bulgarian_07.mp4,104,3466,True,1249.93,420.28,1186.69,453.84,988.01,612.29,1139.88,747.91,1103.93,932.44,111.58,52.31,52.31,62.05,62.05
bulgarian_07.mp4,105,3500,True,1250.28,413.85,1187.49,447.76,990.45,606.92,1139.16,745.27,1103.56,932.2,113.7,52.06,52.06,61.97,61.97
bulgarian_07.mp4,106,3533,True,1250.52,407.28,1188.04,442.23,992.29,601.71,1138.5,741.83,1102.91,932.03,115.59,51.82,51.82,61.73,61.73
bulgarian_07.mp4,107,3566,True,1250.16,401.38,1188.4,437.66,993.66,597.19,1138.07,737.72,1102.25,931.7,117.23,51.59,51.59,61.3,61.3
bulgarian_07.mp4,108,3600,True,1249.95,396.14,1188.72,433.28,995.37,593.61,1137.76,734.29,1101.39,930.96,118.62,51.34,51.34,60.79,60.79
bulgarian_07.mp4,109,3633,True,1249.87,391.17,1189.0,428.79,996.8,589.62,1137.6,729.92,1100.7,929.12,119.77,51.09,51.09,60.29,60.29
bulgarian_07.mp4,110,3666,True,1250.05,386.28,1189.28,423.82,998.26,586.04,1137.75,725.09,1100.07,927.56,120.69,50.8,50.8,59.89,59.89
bulgarian_07.mp4,111,3700,True,1250.18,378.17,1190.21,416.84,999.89,580.86,1137.45,720.02,1099.59,926.03,121.54,50.49,50.49,59.35,59.35
bulgarian_07.mp4,112,3733,True,1249.92,370.59,1190.9,411.29,1001.73,576.89,1136.37,717.08,1098.93,924.94,122.42,50.15,50.15,58.56,58.56
bulgarian_07.mp4,113,3766,True,1249.63,364.22,1191.5,405.94,1003.6,573.74,1133.98,715.46,1098.4,924.16,123.48,49.77,49.77,57.72,57.72
bulgarian_07.mp4,114,3800,True,1249.25,358.35,1192.12,400.58,1005.48,570.96,1130.87,714.48,1097.92,923.62,124.76,49.34,49.34,56.88,56.88
bulgarian_07.mp4,115,3833,True,1248.97,353.31,1192.81,395.49,1007.41,568.27,1126.65,715.36,1097.45,923.84,126.41,48.87,48.87,56.12,56.12
bulgarian_07.mp4,116,3866,True,1248.79,348.98,1193.42,390.79,1009.12,565.79,1122.94,716.37,1097.0,924.52,128.29,48.39,48.39,55.49,55.49
bulgarian_07.mp4,117,3900,True,1248.68,345.15,1193.89,386.52,1010.69,563.62,1119.32,718.5,1096.5,925.27,130.36,47.91,47.91,54.98,54.98
bulgarian_07.mp4,118,3933,True,1248.62,341.9,1194.26,382.65,1012.19,561.68,1115.75,720.81,1096.1,926.02,132.59,47.42,47.42,54.61,54.61
bulgarian_07.mp4,119,3966,True,1248.82,338.71,1194.7,378.88,1013.27,559.5,1111.6,724.41,1095.77,926.85,135.01,46.97,46.97,54.37,54.37
bulgarian_07.mp4,120,4000,True,1249.06,335.71,1195.18,375.41,1014.6,557.82,1107.4,728.31,1095.51,927.61,137.62,46.51,46.51,54.22,54.22
bulgarian_07.mp4,121,4033,True,1249.26,332.04,1195.76,371.64,1016.06,556.51,1103.37,731.78,1095.27,928.17,140.32,46.05,46.05,54.08,54.08
bulgarian_07.mp4,122,4066,True,1249.49,328.39,1196.58,368.4,1017.08,554.86,1099.79,734.86,1095.13,928.63,143.05,45.62,45.62,53.84,53.84
bulgarian_07.mp4,123,4100,True,1249.79,325.7,1197.47,365.73,1018.35,553.44,1096.64,737.36,1095.08,928.99,145.73,45.23,45.23,53.59,53.59
bulgarian_07.mp4,124,4133,True,1250.02,323.38,1198.33,363.34,1019.79,552.34,1093.85,739.8,1095.11,929.34,148.35,44.86,44.86,53.33,53.33
bulgarian_07.mp4,125,4166,True,1250.18,321.16,1199.17,361.15,1020.91,551.52,1090.59,742.9,1095.25,929.62,150.97,44.51,44.51,53.05,53.05
bulgarian_07.mp4,126,4200,True,1250.3,319.12,1199.78,359.52,1021.64,550.59,1087.27,745.34,1095.36,929.86,153.55,44.21,44.21,52.71,52.71
bulgarian_07.mp4,127,4233,True,1250.36,317.4,1200.23,358.04,1022.16,549.98,1084.62,747.32,1095.46,930.14,156.01,43.94,43.94,52.36,52.36
bulgarian_07.mp4,128,4266,True,1250.37,316.01,1200.56,356.86,1022.53,549.57,1082.53,748.87,1095.56,930.46,158.28,43.7,43.7,52.02,52.02
bulgarian_07.mp4,129,4300,True,1250.35,314.92,1200.8,355.98,1022.76,549.07,1081.03,750.19,1095.66,930.78,160.32,43.49,43.49,51.68,51.68
bulgarian_07.mp4,130,4333,True,1250.32,314.03,1200.97,355.44,1022.97,548.73,1080.14,751.12,1095.74,930.89,162.09,43.32,43.32,51.35,51.35
bulgarian_07.mp4,131,4366,True,1250.21,313.36,1201.09,355.13,1023.09,548.51,1079.5,751.71,1095.79,930.87,163.61,43.18,43.18,51.0,51.0
bulgarian_07.mp4,132,4400,True,1250.09,312.94,1201.18,354.91,1023.27,548.36,1079.15,752.08,1095.8,930.86,164.88,43.07,43.07,50.67,50.67
bulgarian_07.mp4,133,4433,True,1249.94,312.65,1201.24,354.76,1023.38,548.28,1079.0,752.31,1095.73,930.83,165.93,42.97,42.97,50.37,50.37
bulgarian_07.mp4,134,4466,True,1249.83,312.47,1201.29,354.79,1023.47,548.23,1078.92,752.44,1095.66,930.8,166.78,42.9,42.9,50.08,50.08
bulgarian_07.mp4,135,4500,True,1249.7,312.39,1201.32,355.05,1023.56,548.19,1078.9,752.5,1095.6,930.87,167.46,42.84,42.84,49.78,49.78
bulgarian_07.mp4,136,4533,True,1249.48,312.25,1201.24,355.29,1023.61,548.22,1079.06,752.52,1095.54,930.93,167.99,42.8,42.8,49.48,49.48
bulgarian_07.mp4,137,4566,True,1249.24,312.17,1201.01,355.48,1023.26,548.23,1079.21,752.5,1095.46,931.04,168.36,42.78,42.78,49.2,49.2
bulgarian_07.mp4,138,4600,True,1249.01,312.12,1200.71,355.66,1022.99,548.36,1079.39,752.48,1095.38,931.17,168.63,42.76,42.76,48.95,48.95
bulgarian_07.mp4,139,4633,True,1248.82,312.16,1200.39,355.89,1022.38,548.47,1079.56,752.45,1095.29,931.28,168.77,42.76,42.76,48.74,48.74
bulgarian_07.mp4,140,4666,True,1248.68,312.66,1199.93,356.44,1021.09,548.74,1080.3,752.3,1095.22,931.37,168.73,42.79,42.79,48.61,48.61
bulgarian_07.mp4,141,4700,True,1248.26,313.79,1199.49,358.07,1019.96,549.89,1083.02,751.96,1095.15,931.46,168.29,42.85,42.85,48.44,48.44
bulgarian_07.mp4,142,4733,True,1248.03,315.82,1198.83,359.77,1018.69,550.82,1086.83,750.07,1095.11,931.42,167.38,42.95,42.95,48.4,48.4
bulgarian_07.mp4,143,4766,True,1247.8,318.53,1198.22,362.13,1017.64,552.03,1092.22,746.45,1095.07,931.38,165.88,43.07,43.07,48.45,48.45
bulgarian_07.mp4,144,4800,True,1247.57,321.82,1197.39,364.74,1015.73,553.34,1098.0,742.56,1095.06,931.11,163.83,43.24,43.24,48.65,48.65
bulgarian_07.mp4,145,4833,True,1247.31,325.31,1196.65,368.01,1014.27,554.69,1104.62,737.57,1095.09,930.71,161.24,43.46,43.46,48.9,48.9
bulgarian_07.mp4,146,4866,True,1246.84,329.0,1196.05,372.11,1012.62,557.45,1111.31,732.67,1095.12,930.4,158.18,43.71,43.71,49.05,49.05
bulgarian_07.mp4,147,4900,True,1246.01,331.87,1195.09,376.01,1010.93,559.86,1116.19,728.92,1095.22,929.83,154.97,43.98,43.98,49.06,49.06
bulgarian_07.mp4,148,4933,True,1245.48,335.92,1194.09,380.2,1009.32,562.47,1121.43,725.02,1095.49,929.12,151.61,44.26,44.26,49.1,49.1
bulgarian_07.mp4,149,4966,True,1245.08,340.38,1193.16,384.92,1007.77,565.31,1125.98,721.92,1096.01,928.6,148.23,44.56,44.56,49.15,49.15
bulgarian_07.mp4,150,5000,True,1244.36,345.12,1192.26,390.49,1006.04,568.83,1129.37,720.03,1096.71,928.05,144.96,44.9,44.9,49.11,49.11
bulgarian_07.mp4,151,5033,True,1243.29,352.11,1190.94,397.76,1002.98,574.45,1131.84,719.07,1097.43,927.64,141.75,45.27,45.27,49.07,49.07
bulgarian_07.mp4,152,5066,True,1242.42,358.94,1189.49,404.91,1000.57,579.38,1133.29,720.41,1098.35,927.35,138.83,45.67,45.67,49.06,49.06
bulgarian_07.mp4,153,5100,True,1241.43,364.75,1188.12,411.43,997.57,584.22,1134.65,722.03,1099.02,927.51,136.13,46.1,46.1,49.01,49.01
bulgarian_07.mp4,154,5133,True,1240.19,371.31,1186.03,418.22,994.92,589.42,1135.47,726.13,1099.55,927.66,133.72,46.51,46.51,49.03,49.03
bulgarian_07.mp4,155,5166,True,1238.36,376.9,1183.44,424.74,991.61,594.96,1135.93,730.93,1100.0,928.23,131.57,46.89,46.89,49.01,49.01
bulgarian_07.mp4,156,5200,True,1236.86,383.94,1180.47,431.51,988.1,600.52,1136.17,735.02,1100.46,928.66,129.62,47.25,47.25,49.18,49.18
bulgarian_07.mp4,157,5233,True,1235.72,391.18,1177.51,437.05,985.36,605.24,1136.14,738.25,1100.95,929.18,127.89,47.56,47.56,49.69,49.69
bulgarian_07.mp4,158,5266,True,1234.59,398.1,1174.74,442.85,983.22,609.76,1136.06,740.56,1101.37,929.69,126.34,47.83,47.83,50.4,50.4
bulgarian_07.mp4,159,5300,True,1233.69,404.57,1172.34,448.6,981.38,614.54,1136.04,743.28,1101.73,930.2,124.95,48.07,48.07,51.19,51.19
bulgarian_07.mp4,160,5333,True,1233.03,411.22,1170.05,454.06,979.61,619.86,1136.11,746.22,1102.11,930.8,123.66,48.25,48.25,52.1,52.1
bulgarian_07.mp4,161,5366,True,1232.34,419.52,1167.03,461.95,976.98,627.0,1136.15,748.05,1102.94,931.28,122.32,48.4,48.4,53.08,53.08
bulgarian_07.mp4,162,5400,True,1231.72,426.79,1164.39,468.66,973.77,632.69,1136.22,749.29,1103.57,931.64,120.96,48.58,48.58,54.09,54.09
bulgarian_07.mp4,163,5433,True,1231.06,433.49,1161.81,475.33,970.67,639.15,1136.3,750.07,1104.03,932.09,119.52,48.74,48.74,55.04,55.04
bulgarian_07.mp4,164,5466,True,1230.24,439.99,1159.25,482.05,967.86,645.73,1136.62,750.56,1104.19,932.53,117.97,48.89,48.89,55.91,55.91
bulgarian_07.mp4,165,5500,True,1229.28,446.26,1156.68,488.81,964.85,652.04,1136.85,751.06,1104.17,932.99,116.32,49.03,49.03,56.65,56.65
bulgarian_07.mp4,166,5533,True,1228.23,452.7,1153.73,495.92,961.31,658.93,1137.27,751.49,1104.19,933.41,114.54,49.17,49.17,57.3,57.3
bulgarian_07.mp4,167,5566,True,1227.32,457.05,1151.19,501.62,958.12,664.38,1137.94,751.8,1103.81,933.68,112.7,49.31,49.31,57.77,57.77
bulgarian_07.mp4,168,5600,True,1226.31,461.59,1148.97,507.44,955.03,669.98,1138.75,752.01,1103.45,933.97,110.77,49.46,49.46,58.08,58.08
bulgarian_07.mp4,169,5633,True,1224.95,466.39,1146.72,513.05,951.93,675.43,1139.94,751.48,1103.12,933.46,108.74,49.6,49.6,58.3,58.3
bulgarian_07.mp4,170,5666,True,1223.68,471.62,1144.43,518.99,948.76,681.06,1141.16,749.54,1102.7,932.78,106.54,49.75,49.75,58.47,58.47
bulgarian_07.mp4,171,5700,True,1222.4,477.07,1142.31,524.62,946.19,686.55,1142.19,747.88,1102.18,932.16,104.25,49.89,49.89,58.64,58.64
bulgarian_07.mp4,172,5733,True,1221.31,481.91,1140.86,529.32,944.55,690.89,1143.19,746.67,1101.52,931.7,102.0,50.02,50.02,58.81,58.81
bulgarian_07.mp4,173,5766,True,1219.76,487.4,1139.24,534.75,943.49,694.99,1144.6,745.78,1101.03,931.33,99.79,50.16,50.16,58.95,58.95
bulgarian_07.mp4,174,5800,True,1217.92,492.14,1137.72,539.98,942.85,699.38,1145.74,745.13,1100.65,931.26,97.65,50.27,50.27,59.0,59.0
bulgarian_07.mp4,175,5833,True,1216.11,497.13,1136.21,544.22,942.48,703.45,1146.85,744.87,1100.32,931.22,95.61,50.33,50.33,59.1,59.1
bulgarian_07.mp4,176,5866,True,1214.63,502.02,1134.99,548.85,942.3,707.43,1147.9,745.03,1099.95,931.27,93.67,50.38,50.38,59.19,59.19
bulgarian_07.mp4,177,5900,True,1213.36,505.72,1133.91,552.45,942.27,710.82,1148.67,745.1,1099.47,931.35,91.86,50.39,50.39,59.26,59.26
bulgarian_07.mp4,178,5933,True,1212.14,509.23,1132.95,555.65,942.38,714.01,1149.52,745.33,1099.11,931.48,90.18,50.36,50.36,59.33,59.33
bulgarian_07.mp4,179,5966,True,1211.18,512.72,1131.99,558.67,942.55,717.17,1150.13,745.48,1098.72,931.65,88.61,50.31,50.31,59.44,59.44
bulgarian_07.mp4,180,6000,True,1210.36,515.93,1131.1,561.74,942.69,720.43,1150.55,745.59,1098.43,932.2,87.15,50.23,50.23,59.55,59.55
bulgarian_07.mp4,181,6033,True,1209.52,519.23,1130.36,564.72,943.04,723.75,1150.88,745.67,1099.08,932.62,85.82,50.11,50.11,59.66,59.66
bulgarian_07.mp4,182,6066,True,1208.89,522.03,1129.66,567.29,943.43,726.59,1151.12,745.77,1100.02,932.98,84.66,49.98,49.98,59.78,59.78
bulgarian_07.mp4,183,6100,True,1207.99,525.24,1128.91,570.1,943.78,729.65,1151.32,745.85,1101.03,933.31,83.62,49.83,49.83,59.91,59.91
bulgarian_07.mp4,184,6133,True,1207.13,528.35,1128.14,572.69,944.07,732.81,1151.41,745.91,1101.76,933.11,82.65,49.66,49.66,60.07,60.07
bulgarian_07.mp4,185,6166,True,1206.2,531.46,1127.41,575.48,944.41,736.07,1151.51,746.24,1102.8,932.96,81.76,49.48,49.48,60.22,60.22
bulgarian_07.mp4,186,6200,True,1205.44,534.46,1126.73,577.95,944.71,739.02,1151.59,746.55,1103.53,932.83,80.93,49.28,49.28,60.39,60.39
bulgarian_07.mp4,187,6233,True,1204.72,536.93,1126.15,580.32,945.03,741.43,1151.65,746.94,1104.13,932.55,80.18,49.09,49.09,60.53,60.53
bulgarian_07.mp4,188,6266,True,1203.95,539.03,1125.64,582.61,945.3,743.54,1151.7,747.47,1104.54,932.34,79.5,48.93,48.93,60.6,60.6
bulgarian_07.mp4,189,6300,True,1203.32,541.15,1125.17,584.63,945.52,745.43,1151.73,747.98,1104.84,932.25,78.88,48.77,48.77,60.66,60.66
bulgarian_07.mp4,190,6333,True,1202.73,543.14,1124.79,586.81,945.77,747.24,1151.84,748.4,1104.85,932.09,78.3,48.65,48.65,60.68,60.68
bulgarian_07.mp4,191,6366,True,1202.23,544.98,1124.52,589.06,945.97,748.88,1152.01,749.15,1104.65,931.89,77.75,48.55,48.55,60.63,60.63
bulgarian_07.mp4,192,6400,True,1201.58,546.32,1124.18,590.94,946.14,750.48,1152.15,749.88,1103.78,931.82,77.19,48.47,48.47,60.51,60.51
bulgarian_07.mp4,193,6433,True,1200.87,547.52,1123.84,592.74,946.29,751.96,1152.1,750.46,1103.1,931.77,76.64,48.4,48.4,60.33,60.33
bulgarian_07.mp4,194,6466,True,1200.28,548.75,1123.57,594.41,946.42,753.41,1152.09,750.91,1102.58,931.74,76.11,48.34,48.34,60.11,60.11
bulgarian_07.mp4,195,6500,True,1199.84,550.14,1123.38,595.94,946.55,754.63,1152.08,751.29,1100.57,931.54,75.51,48.29,48.29,59.9,59.9
bulgarian_07.mp4,196,6533,True,1199.52,551.43,1123.25,597.34,946.71,755.8,1152.07,751.59,1099.14,931.29,74.89,48.25,48.25,59.71,59.71
bulgarian_07.mp4,197,6566,True,1199.29,552.52,1123.15,598.37,946.91,756.71,1152.04,751.77,1098.28,931.1,74.3,48.21,48.21,59.56,59.56
bulgarian_07.mp4,198,6600,True,1199.12,553.42,1123.09,599.26,947.08,757.53,1152.02,751.9,1097.96,930.96,73.77,48.18,48.18,59.43,59.43
bulgarian_07.mp4,199,6633,True,1199.05,554.59,1123.07,599.99,947.26,758.19,1151.95,751.97,1097.76,930.44,73.29,48.14,48.14,59.37,59.37
bulgarian_07.mp4,200,6666,True,1199.0,555.55,1123.16,600.6,947.39,758.88,1151.91,752.02,1097.62,930.06,72.85,48.12,48.12,59.35,59.35
bulgarian_07.mp4,201,6700,True,1198.97,556.33,1123.24,601.21,947.5,759.56,1151.79,752.06,1096.41,929.74,72.4,48.09,48.09,59.35,59.35
bulgarian_07.mp4,202,6733,True,1198.95,557.1,1123.32,601.66,947.6,760.12,1151.72,752.1,1095.53,929.35,71.95,48.06,48.06,59.38,59.38
bulgarian_07.mp4,203,6766,True,1198.95,557.67,1123.44,602.02,947.67,760.71,1151.67,752.17,1094.11,929.01,71.48,48.03,48.03,59.42,59.42
bulgarian_07.mp4,204,6800,True,1198.96,558.21,1123.54,602.28,947.72,761.17,1151.6,752.21,1093.18,928.43,71.01,48.01,48.01,59.48,59.48
bulgarian_07.mp4,205,6833,True,1199.01,558.61,1123.64,602.54,947.76,761.58,1151.5,752.23,1092.18,928.0,70.55,47.98,47.98,59.53,59.53
bulgarian_07.mp4,206,6866,True,1199.07,558.98,1123.76,602.73,947.8,761.87,1151.44,752.3,1091.5,927.6,70.13,47.96,47.96,59.6,59.6
bulgarian_07.mp4,207,6900,True,1199.12,559.25,1123.93,602.88,947.84,762.1,1151.4,752.4,1090.82,927.28,69.74,47.94,47.94,59.65,59.65
bulgarian_07.mp4,208,6933,True,1199.16,559.38,1124.08,603.07,947.87,762.27,1151.41,752.57,1090.26,927.14,69.38,47.94,47.94,59.68,59.68
bulgarian_07.mp4,209,6966,True,1199.31,559.43,1124.32,603.21,948.0,762.28,1151.41,752.56,1089.88,927.16,69.08,47.94,47.94,59.69,59.69
bulgarian_07.mp4,210,7000,True,1199.55,559.23,1124.57,603.31,948.19,762.17,1151.48,752.55,1089.53,927.02,68.81,47.95,47.95,59.66,59.66
bulgarian_07.mp4,211,7033,True,1199.93,558.77,1124.94,603.0,948.37,761.64,1151.53,752.45,1089.41,926.84,68.61,47.97,47.97,59.62,59.62
bulgarian_07.mp4,212,7066,True,1200.24,558.01,1125.37,602.65,948.52,760.95,1151.56,752.27,1089.97,926.74,68.51,48.01,48.01,59.54,59.54
bulgarian_07.mp4,213,7100,True,1200.68,556.23,1125.91,601.5,948.47,758.15,1151.24,751.33,1091.78,926.7,68.67,48.12,48.12,59.39,59.39
bulgarian_07.mp4,214,7133,True,1201.07,552.86,1126.41,598.14,948.42,754.07,1150.98,750.04,1093.59,926.94,69.12,48.25,48.25,59.27,59.27
bulgarian_07.mp4,215,7166,True,1201.82,548.36,1127.11,593.77,948.3,749.66,1150.69,748.77,1095.57,927.13,69.81,48.39,48.39,59.15,59.15
bulgarian_07.mp4,216,7200,True,1202.87,543.49,1128.27,589.29,948.2,744.82,1150.37,747.45,1097.18,927.21,70.7,48.54,48.54,59.01,59.01
bulgarian_07.mp4,217,7233,True,1204.4,539.29,1129.38,585.01,948.14,741.13,1150.37,746.53,1098.32,927.24,71.65,48.69,48.69,58.94,58.94
bulgarian_07.mp4,218,7266,True,1205.68,534.55,1130.44,580.49,948.28,737.39,1150.17,745.63,1099.14,927.27,72.65,48.8,48.8,58.87,58.87
bulgarian_07.mp4,219,7300,True,1207.33,529.62,1131.46,575.56,948.29,733.37,1150.04,745.01,1099.72,927.16,73.69,48.89,48.89,58.86,58.86
bulgarian_07.mp4,220,7333,True,1208.78,523.65,1132.8,570.39,948.37,728.89,1150.42,744.75,1100.13,927.61,74.78,48.98,48.98,58.77,58.77
bulgarian_07.mp4,221,7366,True,1210.36,516.57,1134.59,563.61,948.89,723.95,1151.11,744.94,1100.41,928.07,75.91,49.02,49.02,58.65,58.65
bulgarian_07.mp4,222,7400,True,1212.15,510.88,1136.44,558.09,949.27,719.61,1151.9,745.09,1100.62,928.28,77.03,49.06,49.06,58.53,58.53
bulgarian_07.mp4,223,7433,True,1213.38,502.0,1138.16,550.07,949.5,711.96,1151.5,744.17,1100.75,928.28,78.36,49.12,49.12,58.31,58.31
bulgarian_07.mp4,224,7466,True,1214.77,493.7,1140.71,541.99,950.45,704.57,1150.85,745.28,1100.79,928.58,79.93,49.19,49.19,58.02,58.02
bulgarian_07.mp4,225,7500,True,1216.52,485.36,1143.66,532.54,951.99,696.01,1149.1,746.77,1100.99,928.76,81.87,49.26,49.26,57.83,57.83
bulgarian_07.mp4,226,7533,True,1218.48,476.26,1147.28,522.79,954.38,686.81,1147.66,748.12,1101.15,929.47,84.14,49.34,49.34,57.63,57.63
bulgarian_07.mp4,227,7566,True,1220.47,470.05,1149.95,515.74,957.19,680.42,1146.38,749.14,1101.56,930.0,86.52,49.37,49.37,57.52,57.52
bulgarian_07.mp4,228,7600,True,1222.23,463.05,1152.66,507.87,959.53,673.68,1145.36,749.93,1101.92,930.41,88.97,49.36,49.36,57.46,57.46
bulgarian_07.mp4,229,7633,True,1223.65,455.44,1155.13,499.97,961.95,666.24,1144.49,750.51,1102.37,930.58,91.5,49.35,49.35,57.36,57.36
bulgarian_07.mp4,230,7666,True,1224.75,447.61,1157.24,492.08,965.1,658.52,1143.4,750.93,1103.0,930.82,94.15,49.3,49.3,57.22,57.22
bulgarian_07.mp4,231,7700,True,1225.87,440.44,1159.08,484.33,968.28,651.07,1142.29,751.25,1103.45,931.04,96.87,49.21,49.21,57.11,57.11
bulgarian_07.mp4,232,7733,True,1226.78,434.82,1160.46,478.13,971.18,645.4,1141.39,750.94,1103.8,931.12,99.5,49.07,49.07,57.06,57.06
bulgarian_07.mp4,233,7766,True,1227.61,427.14,1162.01,470.39,974.5,638.73,1140.49,750.34,1104.07,931.16,102.1,48.87,48.87,56.97,56.97
bulgarian_07.mp4,234,7800,True,1228.6,419.34,1163.61,462.03,977.4,632.12,1139.64,749.51,1104.27,931.01,104.65,48.62,48.62,56.91,56.91
bulgarian_07.mp4,235,7833,True,1229.37,412.05,1165.15,454.53,980.17,626.45,1139.02,748.17,1104.33,930.92,107.07,48.31,48.31,56.83,56.83
bulgarian_07.mp4,236,7866,True,1230.24,405.41,1166.77,447.73,982.71,621.1,1138.36,745.18,1104.37,930.82,109.29,47.99,47.99,56.73,56.73
bulgarian_07.mp4,237,7900,True,1231.12,400.55,1168.12,442.9,985.42,617.19,1138.42,742.28,1104.39,930.63,111.24,47.66,47.66,56.6,56.6
bulgarian_07.mp4,238,7933,True,1231.99,395.75,1169.38,438.07,987.45,613.16,1138.43,739.07,1104.44,930.3,112.94,47.35,47.35,56.47,56.47
bulgarian_07.mp4,239,7966,True,1233.05,391.12,1170.78,433.34,989.55,609.13,1138.56,736.51,1104.48,929.94,114.46,47.06,47.06,56.35,56.35
bulgarian_07.mp4,240,8000,True,1234.51,386.96,1172.13,429.18,991.46,605.18,1138.82,733.32,1104.8,929.19,115.8,46.79,46.79,56.26,56.26
bulgarian_07.mp4,241,8033,True,1235.76,382.59,1173.27,424.64,993.11,601.37,1139.01,730.55,1105.0,928.61,117.0,46.55,46.55,56.22,56.22
bulgarian_07.mp4,242,8066,True,1237.11,378.76,1174.15,420.85,994.52,598.04,1139.21,728.01,1105.15,928.04,118.05,46.31,46.31,56.22,56.22
bulgarian_07.mp4,243,8100,True,1238.12,373.55,1175.37,415.79,995.88,594.1,1139.5,723.89,1104.92,927.61,118.93,46.09,46.09,56.19,56.19
bulgarian_07.mp4,244,8133,True,1239.07,368.59,1176.56,411.08,998.0,590.48,1138.79,721.46,1104.3,927.4,119.83,45.85,45.85,56.11,56.11
bulgarian_07.mp4,245,8166,True,1239.84,363.62,1177.6,406.63,999.93,586.81,1136.79,719.79,1103.5,927.4,120.88,45.6,45.6,55.96,55.96
bulgarian_07.mp4,246,8200,True,1240.61,358.5,1178.56,401.85,1001.67,583.03,1134.27,719.26,1102.81,927.49,122.14,45.34,45.34,55.78,55.78
bulgarian_07.mp4,247,8233,True,1241.16,354.25,1179.36,397.9,1003.49,579.92,1132.59,719.08,1102.06,927.68,123.48,45.07,45.07,55.58,55.58
bulgarian_07.mp4,248,8266,True,1241.59,350.52,1180.27,394.39,1005.55,577.2,1130.34,719.9,1101.34,927.94,124.96,44.8,44.8,55.35,55.35
bulgarian_07.mp4,249,8300,True,1242.22,346.56,1181.1,390.23,1007.06,573.68,1127.67,720.56,1100.72,928.05,126.61,44.54,44.54,55.17,55.17
bulgarian_07.mp4,250,8333,True,1242.72,341.91,1181.94,385.5,1008.85,570.26,1125.56,720.94,1100.21,928.14,128.34,44.26,44.26,55.0,55.0
bulgarian_07.mp4,251,8366,True,1243.1,337.14,1182.87,380.95,1011.03,567.34,1121.9,723.45,1099.82,928.2,130.37,43.94,43.94,54.8,54.8
bulgarian_07.mp4,252,8400,True,1243.57,333.46,1183.6,377.62,1013.06,564.98,1117.52,726.17,1099.5,928.0,132.68,43.61,43.61,54.56,54.56
bulgarian_07.mp4,253,8433,True,1243.95,329.34,1184.36,373.98,1015.0,562.86,1113.25,729.78,1099.27,927.85,135.24,43.27,43.27,54.28,54.28
bulgarian_07.mp4,254,8466,True,1244.33,325.34,1185.13,370.09,1016.79,560.64,1108.42,733.57,1099.04,927.83,138.06,42.91,42.91,54.01,54.01
bulgarian_07.mp4,255,8500,True,1244.74,321.38,1185.91,366.08,1018.25,558.28,1104.11,736.97,1098.58,927.95,140.98,42.54,42.54,53.76,53.76
bulgarian_07.mp4,256,8533,True,1245.04,317.02,1186.62,362.36,1019.4,556.21,1099.59,739.99,1098.09,928.3,143.98,42.19,42.19,53.45,53.45
bulgarian_07.mp4,257,8566,True,1245.26,313.4,1187.23,359.49,1020.3,554.73,1095.34,742.85,1097.45,928.74,146.96,41.86,41.86,53.07,53.07
bulgarian_07.mp4,258,8600,True,1245.44,310.57,1187.91,356.98,1021.14,553.63,1092.24,745.31,1096.81,929.65,149.78,41.55,41.55,52.67,52.67
bulgarian_07.mp4,259,8633,True,1245.57,308.04,1188.51,354.67,1021.98,552.89,1089.29,747.61,1096.29,930.32,152.45,41.25,41.25,52.29,52.29
bulgarian_07.mp4,260,8666,True,1245.66,305.76,1189.04,352.69,1022.89,552.42,1087.07,749.15,1095.68,930.82,154.89,40.95,40.95,51.9,51.9
bulgarian_07.mp4,261,8700,True,1245.74,303.87,1189.44,351.2,1023.76,552.15,1085.59,750.35,1094.93,931.22,157.04,40.66,40.66,51.51,51.51
bulgarian_07.mp4,262,8733,True,1245.79,302.35,1189.75,350.06,1024.64,552.0,1084.07,751.17,1094.21,931.53,158.95,40.38,40.38,51.12,51.12
bulgarian_07.mp4,263,8766,True,1245.86,301.39,1189.99,349.33,1025.14,551.86,1082.87,751.69,1093.66,931.96,160.62,40.13,40.13,50.77,50.77
bulgarian_07.mp4,264,8800,True,1245.91,300.86,1190.22,348.83,1025.51,551.78,1082.06,752.68,1093.28,932.28,162.07,39.92,39.92,50.47,50.47
bulgarian_07.mp4,265,8833,True,1245.94,300.57,1190.42,348.53,1025.58,551.62,1081.57,753.62,1093.03,932.53,163.29,39.75,39.75,50.21,50.21
bulgarian_07.mp4,266,8866,True,1245.99,300.44,1190.58,348.37,1025.71,551.51,1081.54,754.25,1092.84,933.04,164.28,39.61,39.61,49.99,49.99
bulgarian_07.mp4,267,8900,True,1246.07,300.36,1190.71,348.29,1025.81,551.45,1081.58,754.73,1092.7,933.43,165.07,39.5,39.5,49.82,49.82
bulgarian_07.mp4,268,8933,True,1246.18,300.47,1190.82,348.26,1025.94,551.41,1082.05,755.06,1092.61,933.85,165.65,39.41,39.41,49.69,49.69
bulgarian_07.mp4,269,8966,True,1246.31,300.92,1190.9,348.31,1026.03,551.39,1082.43,755.35,1092.54,934.2,166.07,39.35,39.35,49.65,49.65
bulgarian_07.mp4,270,9000,True,1246.42,301.45,1190.98,348.51,1026.1,551.38,1083.12,755.45,1092.59,934.37,166.34,39.3,39.3,49.65,49.65
bulgarian_07.mp4,271,9033,True,1246.51,301.97,1191.03,348.67,1026.13,551.36,1084.27,755.36,1092.64,934.52,166.43,39.26,39.26,49.7,49.7
bulgarian_07.mp4,272,9066,True,1246.58,302.63,1191.08,348.98,1026.15,551.35,1085.31,755.13,1092.72,934.61,166.38,39.25,39.25,49.79,49.79
bulgarian_07.mp4,273,9100,True,1246.63,303.32,1191.08,349.47,1025.66,551.21,1086.51,754.28,1092.79,934.56,166.16,39.27,39.27,49.89,49.89
bulgarian_07.mp4,274,9133,True,1246.68,304.34,1191.05,350.4,1025.14,550.9,1088.09,752.32,1093.19,933.79,165.78,39.34,39.34,49.98,49.98
bulgarian_07.mp4,275,9166,True,1246.71,305.42,1190.97,351.59,1024.48,550.64,1089.75,750.06,1093.73,932.76,165.25,39.45,39.45,50.06,50.06
bulgarian_07.mp4,276,9200,True,1246.74,306.72,1190.86,352.99,1023.85,550.39,1091.87,747.28,1094.2,931.72,164.53,39.61,39.61,50.12,50.12
bulgarian_07.mp4,277,9233,True,1246.71,307.88,1190.76,354.24,1023.45,550.23,1093.87,744.86,1094.71,930.72,163.7,39.78,39.78,50.17,50.17
bulgarian_07.mp4,278,9266,True,1246.4,308.77,1190.68,355.4,1022.51,550.28,1095.82,742.69,1095.11,929.9,162.75,39.98,39.98,50.15,50.15
bulgarian_07.mp4,279,9300,True,1246.16,309.97,1190.47,356.89,1021.48,550.45,1097.62,740.7,1095.55,929.06,161.71,40.21,40.21,50.1,50.1
bulgarian_07.mp4,280,9333,True,1245.93,311.59,1190.17,358.76,1020.74,551.41,1099.36,739.3,1096.07,928.41,160.63,40.44,40.44,50.03,50.03
bulgarian_07.mp4,281,9366,True,1245.58,313.68,1189.74,361.27,1020.16,553.1,1100.68,738.34,1096.47,927.91,159.55,40.64,40.64,49.94,49.94
bulgarian_07.mp4,282,9400,True,1245.32,316.03,1189.39,363.33,1019.83,554.42,1102.88,736.77,1096.88,927.53,158.38,40.83,40.83,49.91,49.91
bulgarian_07.mp4,283,9433,True,1245.13,319.29,1188.78,366.35,1019.02,556.68,1107.02,734.18,1097.27,927.26,156.85,41.01,41.01,49.95,49.95
bulgarian_07.mp4,284,9466,True,1244.98,323.75,1188.16,370.06,1018.23,559.59,1111.56,732.31,1097.64,927.57,154.99,41.19,41.19,50.12,50.12
bulgarian_07.mp4,285,9500,True,1244.87,329.29,1187.61,374.68,1017.36,563.02,1116.61,730.72,1097.96,928.11,152.79,41.37,41.37,50.42,50.42
bulgarian_07.mp4,286,9533,True,1244.67,334.61,1186.99,380.26,1015.97,567.33,1121.22,729.61,1098.24,928.57,150.32,41.58,41.58,50.66,50.66
bulgarian_07.mp4,287,9566,True,1244.13,339.24,1186.37,385.57,1014.41,571.59,1125.41,728.33,1098.42,928.9,147.66,41.82,41.82,50.79,50.79
bulgarian_07.mp4,288,9600,True,1243.72,344.23,1185.61,390.62,1012.34,575.3,1128.8,727.39,1098.52,929.17,144.93,42.09,42.09,50.91,50.91
bulgarian_07.mp4,289,9633,True,1243.42,349.97,1184.73,396.1,1009.85,579.13,1131.32,726.83,1098.6,929.37,142.23,42.41,42.41,51.09,51.09
bulgarian_07.mp4,290,9666,True,1242.69,355.29,1183.71,401.69,1007.17,583.4,1135.13,726.39,1099.24,929.44,139.41,42.76,42.76,51.24,51.24
bulgarian_07.mp4,291,9700,True,1241.84,361.16,1182.78,408.22,1004.71,588.87,1138.41,726.32,1100.64,929.11,136.58,43.13,43.13,51.28,51.28
bulgarian_07.mp4,292,9733,True,1240.82,366.83,1181.48,413.45,1001.96,592.94,1140.79,726.54,1102.37,928.35,133.89,43.5,43.5,51.39,51.39
bulgarian_07.mp4,293,9766,True,1239.9,374.23,1180.04,420.41,998.88,598.68,1142.37,727.64,1103.6,927.87,131.31,43.9,43.9,51.58,51.58
bulgarian_07.mp4,294,9800,True,1238.5,381.78,1178.36,427.67,995.92,604.85,1143.63,731.91,1104.45,927.97,128.93,44.28,44.28,51.8,51.8
bulgarian_07.mp4,295,9833,True,1237.15,389.96,1176.24,435.44,993.11,611.38,1144.43,736.88,1105.06,928.87,126.76,44.66,44.66,52.09,52.09
bulgarian_07.mp4,296,9866,True,1236.08,398.54,1173.94,443.55,990.32,618.19,1144.9,741.92,1105.26,929.98,124.76,45.01,45.01,52.49,52.49
bulgarian_07.mp4,297,9900,True,1235.18,405.85,1171.96,449.66,988.12,623.33,1145.2,745.37,1105.12,931.0,122.94,45.34,45.34,53.05,53.05
bulgarian_07.mp4,298,9933,True,1234.42,412.99,1170.16,456.91,985.45,628.57,1145.36,747.67,1104.84,931.74,121.21,45.69,45.69,53.57,53.57
bulgarian_07.mp4,299,9966,True,1233.73,420.98,1168.42,464.5,982.71,634.44,1145.08,749.77,1104.74,932.51,119.55,46.06,46.06,54.12,54.12
bulgarian_07.mp4,300,10000,True,1232.85,428.55,1166.78,472.54,980.37,641.55,1144.85,751.43,1105.0,933.16,117.92,46.41,46.41,54.56,54.56
bulgarian_07.mp4,301,10033,True,1232.16,436.99,1164.99,480.69,977.53,649.23,1144.9,752.49,1105.18,933.59,116.19,46.73,46.73,55.04,55.04
bulgarian_07.mp4,302,10066,True,1231.58,442.89,1163.26,487.31,974.47,654.98,1144.96,753.2,1105.09,933.66,114.45,47.07,47.07,55.43,55.43
bulgarian_07.mp4,303,10100,True,1230.97,451.41,1160.99,496.89,970.82,663.18,1145.09,753.69,1104.94,933.86,112.54,47.42,47.42,55.74,55.74
bulgarian_07.mp4,304,10133,True,1229.97,459.76,1158.48,506.55,967.78,671.77,1145.83,754.04,1104.75,933.9,110.42,47.75,47.75,55.95,55.95
bulgarian_07.mp4,305,10166,True,1228.8,467.66,1155.82,515.48,965.11,679.89,1146.69,754.26,1104.43,933.84,108.14,48.05,48.05,56.11,56.11
bulgarian_07.mp4,306,10200,True,1227.37,475.61,1153.27,524.54,962.84,687.9,1147.49,754.38,1103.77,933.72,105.73,48.32,48.32,56.2,56.2
bulgarian_07.mp4,307,10233,True,1225.95,481.64,1150.91,531.58,960.72,693.94,1148.86,754.42,1103.27,933.01,103.29,48.55,48.55,56.23,56.23
bulgarian_07.mp4,308,10266,True,1224.56,487.23,1148.72,538.14,959.06,699.71,1150.13,754.4,1102.11,932.32,100.8,48.76,48.76,56.21,56.21
bulgarian_07.mp4,309,10300,True,1223.16,492.72,1146.59,543.75,957.3,704.41,1151.16,753.9,1100.88,931.8,98.35,48.94,48.94,56.23,56.23
bulgarian_07.mp4,310,10333,True,1221.37,497.79,1144.83,548.76,955.93,708.45,1152.04,753.49,1100.0,931.46,96.01,49.11,49.11,56.25,56.25
bulgarian_07.mp4,311,10366,True,1219.72,502.94,1142.78,553.26,954.92,712.46,1152.8,753.17,1099.52,931.78,93.81,49.23,49.23,56.37,56.37
bulgarian_07.mp4,312,10400,True,1217.86,506.78,1141.16,556.98,954.18,715.85,1153.08,752.83,1099.18,932.21,91.81,49.32,49.32,56.45,56.45
bulgarian_07.mp4,313,10433,True,1216.06,511.28,1139.25,560.78,953.58,719.38,1153.29,752.28,1099.18,932.81,89.98,49.35,49.35,56.6,56.6
bulgarian_07.mp4,314,10466,True,1214.5,515.63,1137.13,564.48,952.97,723.15,1153.42,751.83,1099.57,933.28,88.31,49.33,49.33,56.83,56.83
bulgarian_07.mp4,315,10500,True,1212.75,519.72,1135.07,568.32,952.26,727.27,1153.47,751.13,1100.3,933.66,86.75,49.26,49.26,57.06,57.06
bulgarian_07.mp4,316,10533,True,1211.11,523.7,1133.27,571.89,951.19,730.15,1153.5,750.55,1101.0,934.02,85.36,49.21,49.21,57.29,57.29
bulgarian_07.mp4,317,10566,True,1209.52,526.57,1131.92,574.6,950.16,732.14,1153.09,749.6,1101.2,934.14,84.13,49.19,49.19,57.48,57.48
bulgarian_07.mp4,318,10600,True,1208.17,529.35,1130.4,576.73,949.41,734.7,1152.79,748.89,1102.74,933.93,83.07,49.13,49.13,57.72,57.72
bulgarian_07.mp4,319,10633,True,1207.14,532.4,1129.23,579.48,948.91,737.69,1152.62,748.46,1103.92,933.31,82.11,49.05,49.05,57.94,57.94
bulgarian_07.mp4,320,10666,True,1206.1,535.23,1128.31,582.3,948.07,740.02,1152.48,748.14,1104.33,932.81,81.22,49.0,49.0,58.12,58.12
bulgarian_07.mp4,321,10700,True,1205.03,537.74,1127.53,585.21,947.18,742.27,1152.35,747.91,1103.43,932.43,80.32,48.99,48.99,58.2,58.2
bulgarian_07.mp4,322,10733,True,1204.15,539.96,1126.96,587.77,946.38,744.09,1152.17,747.75,1101.77,932.47,79.41,49.02,49.02,58.2,58.2
bulgarian_07.mp4,323,10766,True,1203.37,542.46,1126.48,590.54,945.9,747.11,1152.03,747.75,1100.16,932.22,78.42,49.03,49.03,58.16,58.16
bulgarian_07.mp4,324,10800,True,1202.66,544.82,1126.15,593.11,945.56,749.3,1151.94,747.98,1098.91,931.92,77.45,49.05,49.05,58.08,58.08
bulgarian_07.mp4,325,10833,True,1202.02,546.92,1125.91,595.42,945.7,751.99,1152.09,748.43,1098.03,931.6,76.47,49.04,49.04,57.96,57.96
bulgarian_07.mp4,326,10866,True,1201.34,549.09,1125.76,597.46,946.01,754.48,1152.21,748.9,1097.29,931.14,75.51,49.01,49.01,57.84,57.84
bulgarian_07.mp4,327,10900,True,1200.76,550.9,1125.61,599.31,946.36,756.6,1152.37,749.58,1096.15,930.81,74.57,48.95,48.95,57.72,57.72
bulgarian_07.mp4,328,10933,True,1200.29,552.68,1125.5,600.83,946.73,758.48,1152.56,750.28,1095.49,930.35,73.69,48.88,48.88,57.62,57.62
bulgarian_07.mp4,329,10966,True,1199.89,554.3,1125.39,602.27,947.05,760.17,1152.68,750.84,1096.27,929.83,72.93,48.8,48.8,57.54,57.54
bulgarian_07.mp4,330,11000,True,1199.54,556.02,1125.24,603.78,947.31,761.84,1152.79,751.38,1097.44,929.44,72.31,48.72,48.72,57.49,57.49
bulgarian_07.mp4,331,11033,True,1199.18,557.41,1125.09,605.09,947.53,763.39,1152.87,751.95,1098.37,929.16,71.79,48.63,48.63,57.44,57.44
bulgarian_07.mp4,332,11066,True,1198.89,558.88,1124.92,606.25,947.78,764.69,1152.92,752.6,1099.04,929.12,71.36,48.54,48.54,57.42,57.42
bulgarian_07.mp4,333,11100,True,1198.58,559.99,1124.78,607.38,948.07,765.83,1152.97,753.12,1099.37,929.14,70.99,48.46,48.46,57.4,57.4
bulgarian_07.mp4,334,11133,True,1198.36,561.23,1124.75,608.81,948.44,766.8,1153.19,754.15,1099.14,929.22,70.66,48.39,48.39,57.34,57.34
bulgarian_07.mp4,335,11166,True,1198.07,562.09,1124.71,609.86,948.79,767.7,1153.36,754.9,1098.56,929.25,70.32,48.33,48.33,57.26,57.26
bulgarian_07.mp4,336,11200,True,1197.99,563.08,1124.73,611.01,949.21,768.5,1153.48,755.54,1097.9,929.26,69.98,48.29,48.29,57.17,57.17
bulgarian_07.mp4,337,11233,True,1197.93,563.78,1124.75,611.89,949.57,769.27,1153.59,756.0,1097.27,929.25,69.64,48.24,48.24,57.07,57.07
bulgarian_07.mp4,338,11266,True,1198.06,564.36,1124.95,612.72,949.9,769.9,1153.67,756.41,1095.68,929.16,69.24,48.21,48.21,56.96,56.96
bulgarian_07.mp4,339,11300,True,1198.22,564.84,1125.1,613.32,950.18,770.42,1153.73,756.8,1094.4,929.05,68.83,48.18,48.18,56.86,56.86
bulgarian_07.mp4,340,11333,True,1198.4,565.21,1125.23,613.85,950.51,770.77,1153.81,757.07,1094.39,928.98,68.48,48.16,48.16,56.76,56.76
bulgarian_07.mp4,341,11366,True,1198.78,565.52,1125.6,614.45,950.83,771.02,1153.88,757.31,1093.04,928.54,68.1,48.16,48.16,56.66,56.66
bulgarian_07.mp4,342,11400,True,1199.12,565.76,1125.87,614.89,951.09,771.19,1153.99,757.46,1092.82,928.21,67.76,48.17,48.17,56.56,56.56
bulgarian_07.mp4,343,11433,True,1199.59,565.95,1126.14,615.24,951.35,771.29,1154.15,757.55,1093.53,928.03,67.52,48.18,48.18,56.47,56.47
bulgarian_07.mp4,344,11466,True,1199.98,566.09,1126.41,615.49,951.63,771.34,1154.27,757.43,1094.12,927.97,67.34,48.2,48.2,56.4,56.4
bulgarian_07.mp4,345,11500,True,1200.38,566.25,1126.65,615.67,951.89,771.33,1154.45,757.31,1094.58,928.01,67.22,48.22,48.22,56.35,56.35
bulgarian_07.mp4,346,11533,True,1200.67,566.29,1126.85,615.8,952.17,771.31,1154.59,757.15,1094.92,928.06,67.13,48.24,48.24,56.31,56.31
bulgarian_07.mp4,347,11566,True,1200.92,566.33,1127.0,615.87,952.4,771.25,1154.75,757.04,1095.19,928.14,67.06,48.26,48.26,56.28,56.28
bulgarian_07.mp4,348,11600,True,1201.11,566.28,1127.11,615.89,952.59,771.2,1154.91,756.99,1095.93,928.28,67.04,48.27,48.27,56.26,56.26
bulgarian_07.mp4,349,11633,True,1201.23,566.25,1127.2,615.88,952.73,771.15,1155.05,756.94,1096.44,928.34,67.05,48.29,48.29,56.24,56.24
bulgarian_07.mp4,350,11666,True,1201.27,566.1,1127.26,615.87,952.86,771.1,1155.16,756.92,1096.8,928.53,67.09,48.29,48.29,56.21,56.21
bulgarian_07.mp4,351,11700,True,1201.38,566.1,1127.31,615.85,953.06,771.06,1155.31,756.91,1097.15,928.64,67.13,48.3,48.3,56.19,56.19
bulgarian_07.mp4,352,11733,True,1201.52,566.16,1127.34,615.82,953.35,771.02,1155.42,757.0,1095.99,928.59,67.09,48.29,48.29,56.19,56.19
bulgarian_07.mp4,353,11766,True,1201.66,566.27,1127.36,615.8,953.57,771.01,1155.52,757.07,1094.02,928.51,66.93,48.28,48.28,56.22,56.22
bulgarian_07.mp4,354,11800,True,1201.76,566.43,1127.37,615.83,953.74,771.03,1155.6,757.1,1093.35,928.52,66.76,48.27,48.27,56.26,56.26
bulgarian_07.mp4,355,11833,True,1201.84,566.54,1127.39,615.86,953.89,771.05,1155.68,757.12,1092.88,928.55,66.6,48.25,48.25,56.3,56.3
bulgarian_07.mp4,356,11866,True,1201.91,566.65,1127.41,615.88,954.01,771.08,1155.73,757.23,1092.55,928.51,66.44,48.23,48.23,56.35,56.35
bulgarian_07.mp4,357,11900,True,1201.98,566.76,1127.43,615.9,954.15,771.08,1155.79,757.3,1092.41,928.54,66.31,48.22,48.22,56.4,56.4
bulgarian_07.mp4,358,11933,True,1202.05,566.76,1127.44,615.92,954.26,771.08,1155.83,757.19,1092.47,928.7,66.21,48.2,48.2,56.44,56.44
bulgarian_07.mp4,359,11966,True,1202.13,566.66,1127.47,615.66,954.37,770.92,1155.91,757.06,1092.86,928.68,66.14,48.18,48.18,56.5,56.5
bulgarian_07.mp4,360,12000,True,1202.44,566.11,1127.54,615.1,954.56,770.52,1156.14,756.96,1092.87,928.5,66.09,48.16,48.16,56.56,56.56
bulgarian_07.mp4,361,12033,True,1202.81,564.92,1127.9,613.49,954.91,769.48,1156.32,756.62,1092.2,928.0,66.04,48.12,48.12,56.66,56.66
bulgarian_07.mp4,362,12066,True,1203.25,563.31,1128.22,611.85,955.21,768.32,1156.54,756.36,1091.62,926.95,65.99,48.07,48.07,56.75,56.75
bulgarian_07.mp4,363,12100,True,1203.83,559.99,1128.76,608.37,955.44,764.48,1156.81,755.69,1093.27,926.19,66.2,48.05,48.05,56.84,56.84
bulgarian_07.mp4,364,12133,True,1204.89,555.68,1129.66,603.51,955.61,759.22,1157.12,754.63,1096.14,926.15,66.79,48.08,48.08,56.98,56.98
bulgarian_07.mp4,365,12166,True,1206.51,552.06,1130.76,598.89,955.58,754.23,1157.35,753.29,1098.57,926.17,67.62,48.15,48.15,57.24,57.24
bulgarian_07.mp4,366,12200,True,1208.17,547.9,1132.27,594.55,955.55,749.21,1157.17,751.46,1100.22,926.22,68.61,48.28,48.28,57.48,57.48
bulgarian_07.mp4,367,12233,True,1210.36,543.34,1133.94,589.58,955.46,743.57,1156.79,749.51,1101.32,926.18,69.74,48.47,48.47,57.75,57.75
bulgarian_07.mp4,368,12266,True,1212.38,537.42,1135.9,583.46,955.08,737.54,1156.23,747.39,1102.03,925.63,70.97,48.69,48.69,57.99,57.99
bulgarian_07.mp4,369,12300,True,1214.7,531.3,1138.11,576.61,954.77,731.39,1155.58,745.02,1102.5,924.76,72.26,48.92,48.92,58.27,58.27
bulgarian_07.mp4,370,12333,True,1217.18,524.19,1141.0,569.08,954.52,725.52,1155.08,743.27,1103.0,924.35,73.61,49.13,49.13,58.51,58.51
bulgarian_07.mp4,371,12366,True,1219.51,516.73,1143.59,561.17,954.35,719.09,1154.72,742.55,1103.25,924.31,75.06,49.34,49.34,58.74,58.74
bulgarian_07.mp4,372,12400,True,1221.82,510.89,1145.94,555.18,954.28,713.76,1154.57,743.09,1103.42,924.33,76.57,49.55,49.55,58.94,58.94
bulgarian_07.mp4,373,12433,True,1223.48,502.78,1148.04,546.84,954.25,705.74,1154.07,743.51,1103.52,924.36,78.27,49.77,49.77,59.09,59.09
bulgarian_07.mp4,374,12466,True,1225.34,494.52,1150.5,537.58,955.01,697.15,1153.03,743.95,1103.58,925.07,80.22,49.97,49.97,59.29,59.29
